"timestamp","month","date","hour","minute","temp","pressure","humidity","wind speed","wind direction","clouds","weather code"
201804161748,4,16,17,48,286.68,996,55,3.6,270,90,80
201804161749,4,16,17,49,286.68,996,55,3.6,270,90,80
201804161750,4,16,17,50,286.68,996,55,3.6,270,90,80
201804161751,4,16,17,51,286.68,996,55,3.6,270,90,80
201804161752,4,16,17,52,286.68,996,55,3.6,270,90,80
201804161753,4,16,17,53,286.68,996,55,3.6,270,90,80
201804161754,4,16,17,54,286.68,996,55,3.6,270,90,80
201804161755,4,16,17,55,286.68,996,55,3.6,270,90,80
201804161756,4,16,17,56,286.68,996,55,3.6,270,90,80
201804161757,4,16,17,57,286.68,996,55,3.6,270,90,80
201804161758,4,16,17,58,286.68,996,55,3.6,270,90,80
201804161759,4,16,17,59,286.68,996,55,3.6,270,90,80
201804161800,4,16,18,0,286.68,996,55,3.6,270,90,80
201804161801,4,16,18,1,286.68,996,55,3.6,270,90,80
201804161802,4,16,18,2,286.68,996,55,3.6,270,90,80
201804161803,4,16,18,3,286.68,996,55,3.6,270,90,80
201804161804,4,16,18,4,286.68,996,55,3.6,270,90,80
201804161805,4,16,18,5,286.68,996,55,3.6,270,90,80
201804161806,4,16,18,6,286.68,996,55,3.6,270,90,80
201804161807,4,16,18,7,286.68,996,55,3.6,270,90,80
201804161808,4,16,18,8,286.68,996,55,3.6,270,90,80
201804161809,4,16,18,9,286.68,996,55,3.6,270,90,80
201804161810,4,16,18,10,285.69,997,71,3.1,170,75,50
201804161811,4,16,18,11,285.69,997,71,3.1,170,75,50
201804161812,4,16,18,12,285.69,997,71,3.1,170,75,50
201804161813,4,16,18,13,285.69,997,71,3.1,170,75,50
201804161814,4,16,18,14,285.69,997,71,3.1,170,75,50
201804161815,4,16,18,15,285.69,997,71,3.1,170,75,50
201804161816,4,16,18,16,285.69,997,71,3.1,170,75,50
201804161817,4,16,18,17,285.69,997,71,3.1,170,75,50
201804161818,4,16,18,18,285.69,997,71,3.1,170,75,50
201804161819,4,16,18,19,285.69,997,71,3.1,170,75,50
201804161820,4,16,18,20,285.69,997,71,3.1,170,75,50
201804161821,4,16,18,21,285.69,997,71,3.1,170,75,50
201804161822,4,16,18,22,285.69,997,71,3.1,170,75,50
201804161823,4,16,18,23,285.69,997,71,3.1,170,75,50
201804161824,4,16,18,24,285.69,997,71,3.1,170,75,50
201804161825,4,16,18,25,285.69,997,71,3.1,170,75,50
201804161826,4,16,18,26,285.69,997,71,3.1,170,75,50
201804161827,4,16,18,27,285.69,997,71,3.1,170,75,50
201804161828,4,16,18,28,285.69,997,71,3.1,170,75,50
201804161829,4,16,18,29,285.69,997,71,3.1,170,75,50
201804161830,4,16,18,30,285.69,997,71,3.1,170,75,50
201804161831,4,16,18,31,285.69,997,71,3.1,170,75,50
201804161832,4,16,18,32,285.45,998,67,4.1,240,75,80
201804161833,4,16,18,33,285.45,998,67,4.1,240,75,80
201804161834,4,16,18,34,285.45,998,67,4.1,240,75,80
201804161835,4,16,18,35,285.45,998,67,4.1,240,75,80
201804161836,4,16,18,36,285.45,998,67,4.1,240,75,80
201804161837,4,16,18,37,285.45,998,67,4.1,240,75,80
201804161838,4,16,18,38,285.45,998,67,4.1,240,75,80
201804161839,4,16,18,39,285.45,998,67,4.1,240,75,80
201804161840,4,16,18,40,285.45,998,67,4.1,240,75,80
201804161841,4,16,18,41,285.45,998,67,4.1,240,75,80
201804161842,4,16,18,42,285.45,998,67,4.1,240,75,80
201804161843,4,16,18,43,285.45,998,67,4.1,240,75,80
201804161844,4,16,18,44,285.45,998,67,4.1,240,75,80
201804161845,4,16,18,45,285.45,998,67,4.1,240,75,80
201804161846,4,16,18,46,285.45,998,67,4.1,240,75,80
201804161847,4,16,18,47,285.45,998,67,4.1,240,75,80
201804161848,4,16,18,48,285.45,998,67,4.1,240,75,80
201804161849,4,16,18,49,285.45,998,67,4.1,240,75,80
201804161850,4,16,18,50,285.45,998,67,4.1,240,75,80
201804161851,4,16,18,51,285.45,998,67,4.1,240,75,80
201804161852,4,16,18,52,285.45,998,67,4.1,240,75,80
201804161853,4,16,18,53,285.45,998,67,4.1,240,75,80
201804161854,4,16,18,54,285.45,998,67,4.1,240,75,80
201804161855,4,16,18,55,285.45,998,67,4.1,240,75,80
201804161856,4,16,18,56,285.45,998,67,4.1,240,75,80
201804161857,4,16,18,57,285.45,998,67,4.1,240,75,80
201804161858,4,16,18,58,285.45,998,67,4.1,240,75,80
201804161859,4,16,18,59,285.45,998,67,4.1,240,75,80
201804161900,4,16,19,0,285.45,998,67,4.1,240,75,80
201804161901,4,16,19,1,285.45,998,67,4.1,240,75,80
201804161902,4,16,19,2,285.45,998,67,4.1,240,75,80
201804161903,4,16,19,3,285.45,998,67,4.1,240,75,80
201804161904,4,16,19,4,285.45,998,67,4.1,240,75,80
201804161905,4,16,19,5,285.45,998,67,4.1,240,75,80
201804161906,4,16,19,6,285.45,998,67,4.1,240,75,80
201804161907,4,16,19,7,285.45,998,67,4.1,240,75,80
201804161908,4,16,19,8,285.45,998,67,4.1,240,75,80
201804161909,4,16,19,9,285.45,998,67,4.1,240,75,80
201804161910,4,16,19,10,285.45,998,67,4.1,240,75,80
201804161911,4,16,19,11,285.45,998,67,4.1,240,75,80
201804161912,4,16,19,12,285.45,998,67,4.1,240,75,80
201804161913,4,16,19,13,285.45,998,67,4.1,240,75,80
201804161914,4,16,19,14,285.45,998,67,4.1,240,75,80
201804161915,4,16,19,15,285.45,998,67,4.1,240,75,80
201804161916,4,16,19,16,285.45,998,67,4.1,240,75,80
201804161917,4,16,19,17,285.45,998,67,4.1,240,75,80
201804161918,4,16,19,18,285.45,998,67,4.1,240,75,80
201804161919,4,16,19,19,285.45,998,67,4.1,240,75,80
201804161920,4,16,19,20,285.45,998,67,4.1,240,75,80
201804161921,4,16,19,21,285.45,998,67,4.1,240,75,80
201804161922,4,16,19,22,285.45,998,67,4.1,240,75,80
201804161923,4,16,19,23,285.45,998,67,4.1,240,75,80
201804161924,4,16,19,24,285.45,998,67,4.1,240,75,80
201804161925,4,16,19,25,285.45,998,67,4.1,240,75,80
201804161926,4,16,19,26,285.45,998,67,4.1,240,75,80
201804161927,4,16,19,27,285.45,998,67,4.1,240,75,80
201804161928,4,16,19,28,285.45,998,67,4.1,240,75,80
201804161929,4,16,19,29,285.45,998,67,4.1,240,75,80
201804161930,4,16,19,30,285.45,998,67,4.1,240,75,80
201804161931,4,16,19,31,285.45,998,67,4.1,240,75,80
201804161932,4,16,19,32,285.45,998,67,4.1,240,75,80
201804161933,4,16,19,33,285.45,998,67,4.1,240,75,80
201804161934,4,16,19,34,285.45,998,67,4.1,240,75,80
201804161935,4,16,19,35,285.45,998,67,4.1,240,75,80
201804161936,4,16,19,36,285.45,998,67,4.1,240,75,80
201804161937,4,16,19,37,285.45,998,67,4.1,240,75,80
201804161938,4,16,19,38,285.45,998,67,4.1,240,75,80
201804161939,4,16,19,39,285.45,998,67,4.1,240,75,80
201804161940,4,16,19,40,285.45,998,67,4.1,240,75,80
201804161941,4,16,19,41,285.45,998,67,4.1,240,75,80
201804161942,4,16,19,42,285.45,998,67,4.1,240,75,80
201804161943,4,16,19,43,285.45,998,67,4.1,240,75,80
201804161944,4,16,19,44,284.73,999,66,8.2,280,90,80
201804161945,4,16,19,45,285.45,998,67,4.1,240,75,80
201804161946,4,16,19,46,284.73,999,66,8.2,280,90,80
201804161947,4,16,19,47,284.73,999,66,8.2,280,90,80
201804161948,4,16,19,48,284.73,999,66,8.2,280,90,80
201804161949,4,16,19,49,284.73,999,66,8.2,280,90,80
201804161950,4,16,19,50,284.73,999,66,8.2,280,90,80
201804161951,4,16,19,51,284.73,999,66,8.2,280,90,80
201804161952,4,16,19,52,284.73,999,66,8.2,280,90,80
201804161953,4,16,19,53,284.73,999,66,8.2,280,90,80
201804161954,4,16,19,54,284.73,999,66,8.2,280,90,80
201804161955,4,16,19,55,284.73,999,66,8.2,280,90,80
201804161956,4,16,19,56,284.73,999,66,8.2,280,90,80
201804161957,4,16,19,57,284.73,999,66,8.2,280,90,80
201804161958,4,16,19,58,284.73,999,66,8.2,280,90,80
201804161959,4,16,19,59,284.73,999,66,8.2,280,90,80
201804162000,4,16,20,0,284.73,999,66,8.2,280,90,80
201804162001,4,16,20,1,284.73,999,66,8.2,280,90,80
201804162002,4,16,20,2,284.73,999,66,8.2,280,90,80
201804162003,4,16,20,3,284.73,999,66,8.2,280,90,80
201804162004,4,16,20,4,284.73,999,66,8.2,280,90,80
201804162005,4,16,20,5,284.73,999,66,8.2,280,90,80
201804162006,4,16,20,6,283.81,1000,71,6.7,250,90,80
201804162007,4,16,20,7,283.81,1000,71,6.7,250,90,80
201804162008,4,16,20,8,283.81,1000,71,6.7,250,90,80
201804162009,4,16,20,9,283.81,1000,71,6.7,250,90,80
201804162010,4,16,20,10,283.81,1000,71,6.7,250,90,80
201804162011,4,16,20,11,283.81,1000,71,6.7,250,90,80
201804162012,4,16,20,12,283.81,1000,71,6.7,250,90,80
201804162013,4,16,20,13,283.81,1000,71,6.7,250,90,80
201804162014,4,16,20,14,283.81,1000,71,6.7,250,90,80
201804162015,4,16,20,15,283.81,1000,71,6.7,250,90,80
201804162016,4,16,20,16,283.81,1000,71,6.7,250,90,80
201804162017,4,16,20,17,283.81,1000,71,6.7,250,90,80
201804162018,4,16,20,18,283.81,1000,71,6.7,250,90,80
201804162019,4,16,20,19,283.81,1000,71,6.7,250,90,80
201804162020,4,16,20,20,283.81,1000,71,6.7,250,90,80
201804162021,4,16,20,21,283.81,1000,71,6.7,250,90,80
201804162022,4,16,20,22,283.81,1000,71,6.7,250,90,80
201804162023,4,16,20,23,283.81,1000,71,6.7,250,90,80
201804162024,4,16,20,24,283.81,1000,71,6.7,250,90,80
201804162025,4,16,20,25,283.81,1000,71,6.7,250,90,80
201804162026,4,16,20,26,283.81,1000,71,6.7,250,90,80
201804162027,4,16,20,27,283.78,1000,71,6.7,250,90,80
201804162028,4,16,20,28,283.78,1000,71,6.7,250,90,80
201804162029,4,16,20,29,283.78,1000,71,6.7,250,90,80
201804162030,4,16,20,30,283.78,1000,71,6.7,250,90,80
201804162031,4,16,20,31,283.78,1000,71,6.7,250,90,80
201804162032,4,16,20,32,283.78,1000,71,6.7,250,90,80
201804162033,4,16,20,33,283.78,1000,71,6.7,250,90,80
201804162034,4,16,20,34,283.78,1000,71,6.7,250,90,80
201804162035,4,16,20,35,283.78,1000,71,6.7,250,90,80
201804162036,4,16,20,36,283.78,1000,71,6.7,250,90,80
201804162037,4,16,20,37,283.78,1000,71,6.7,250,90,80
201804162038,4,16,20,38,283.73,1001,66,7.2,290,90,80
201804162039,4,16,20,39,283.73,1001,66,7.2,290,90,80
201804162040,4,16,20,40,283.73,1001,66,7.2,290,90,80
201804162041,4,16,20,41,283.73,1001,66,7.2,290,90,80
201804162042,4,16,20,42,283.73,1001,66,7.2,290,90,80
201804162043,4,16,20,43,283.73,1001,66,7.2,290,90,80
201804162044,4,16,20,44,283.73,1001,66,7.2,290,90,80
201804162045,4,16,20,45,283.73,1001,66,7.2,290,90,80
201804162046,4,16,20,46,283.73,1001,66,7.2,290,90,80
201804162047,4,16,20,47,283.73,1001,66,7.2,290,90,80
201804162048,4,16,20,48,283.73,1001,66,7.2,290,90,80
201804162049,4,16,20,49,283.73,1001,66,7.2,290,90,80
201804162050,4,16,20,50,283.73,1001,66,7.2,290,90,80
201804162051,4,16,20,51,283.73,1001,66,7.2,290,90,80
201804162052,4,16,20,52,283.73,1001,66,7.2,290,90,80
201804162053,4,16,20,53,283.73,1001,66,7.2,290,90,80
201804162054,4,16,20,54,283.73,1001,66,7.2,290,90,80
201804162055,4,16,20,55,283.73,1001,66,7.2,290,90,80
201804162056,4,16,20,56,283.73,1001,66,7.2,290,90,80
201804162057,4,16,20,57,283.73,1001,66,7.2,290,90,80
201804162058,4,16,20,58,283.73,1001,66,7.2,290,90,80
201804162059,4,16,20,59,283.73,1001,66,7.2,290,90,80
201804162100,4,16,21,0,283.73,1001,66,7.2,290,90,80
201804162101,4,16,21,1,283.73,1001,66,7.2,290,90,80
201804162102,4,16,21,2,283.73,1001,66,7.2,290,90,80
201804162103,4,16,21,3,283.73,1001,66,7.2,290,90,80
201804162104,4,16,21,4,283.73,1001,66,7.2,290,90,80
201804162105,4,16,21,5,283.73,1001,66,7.2,290,90,80
201804162106,4,16,21,6,283.73,1001,66,7.2,290,90,80
201804162107,4,16,21,7,283.73,1001,66,7.2,290,90,80
201804162108,4,16,21,8,283.73,1001,66,7.2,290,90,80
201804162109,4,16,21,9,282.73,1001,66,6.2,260,90,80
201804162110,4,16,21,10,282.73,1001,66,6.2,260,90,80
201804162111,4,16,21,11,282.73,1001,66,6.2,260,90,80
201804162112,4,16,21,12,282.73,1001,66,6.2,260,90,80
201804162113,4,16,21,13,282.73,1001,66,6.2,260,90,80
201804162114,4,16,21,14,282.73,1001,66,6.2,260,90,80
201804162115,4,16,21,15,282.73,1001,66,6.2,260,90,80
201804162116,4,16,21,16,282.73,1001,66,6.2,260,90,80
201804162117,4,16,21,17,282.73,1001,66,6.2,260,90,80
201804162118,4,16,21,18,282.73,1001,66,6.2,260,90,80
201804162119,4,16,21,19,282.73,1001,66,6.2,260,90,80
201804162120,4,16,21,20,282.73,1001,66,6.2,260,90,80
201804162121,4,16,21,21,282.73,1001,66,6.2,260,90,80
201804162122,4,16,21,22,282.73,1001,66,6.2,260,90,80
201804162123,4,16,21,23,282.73,1001,66,6.2,260,90,80
201804162124,4,16,21,24,282.73,1001,66,6.2,260,90,80
201804162125,4,16,21,25,282.73,1001,66,6.2,260,90,80
201804162126,4,16,21,26,282.73,1001,66,6.2,260,90,80
201804162127,4,16,21,27,282.73,1001,66,6.2,260,90,80
201804162128,4,16,21,28,282.73,1001,66,6.2,260,90,80
201804162129,4,16,21,29,282.73,1001,66,6.2,260,90,80
201804162130,4,16,21,30,282.73,1001,66,6.2,260,90,80
201804162131,4,16,21,31,282.65,1001,70,4.1,280,90,80
201804162132,4,16,21,32,282.65,1001,70,4.1,280,90,80
201804162133,4,16,21,33,282.65,1001,70,4.1,280,90,80
201804162134,4,16,21,34,282.65,1001,70,4.1,280,90,80
201804162135,4,16,21,35,282.65,1001,70,4.1,280,90,80
201804162136,4,16,21,36,282.65,1001,70,4.1,280,90,80
201804162147,4,16,21,47,282.65,1001,70,4.1,280,90,80
201804162148,4,16,21,48,282.65,1001,70,4.1,280,90,80
201804162149,4,16,21,49,282.65,1001,70,4.1,280,90,80
201804162150,4,16,21,50,282.65,1001,70,4.1,280,90,80
201804162151,4,16,21,51,282.65,1001,70,4.1,280,90,80
201804162152,4,16,21,52,282.65,1001,70,4.1,280,90,80
201804162153,4,16,21,53,282.65,1001,70,4.1,280,90,80
201804162154,4,16,21,54,282.65,1001,70,4.1,280,90,80
201804162155,4,16,21,55,282.65,1001,70,4.1,280,90,80
201804162156,4,16,21,56,282.65,1001,70,4.1,280,90,80
201804162157,4,16,21,57,282.65,1001,70,4.1,280,90,80
201804162158,4,16,21,58,282.65,1001,70,4.1,280,90,80
201804162159,4,16,21,59,282.65,1001,70,4.1,280,90,80
201804162200,4,16,22,0,282.65,1001,70,4.1,280,90,80
201804162201,4,16,22,1,282.65,1001,70,4.1,280,90,80
201804162202,4,16,22,2,282.65,1001,70,4.1,280,90,80
201804162203,4,16,22,3,282.65,1001,70,4.1,280,90,80
201804162204,4,16,22,4,282.65,1001,70,4.1,280,90,80
201804162205,4,16,22,5,282.65,1001,70,4.1,280,90,80
201804162206,4,16,22,6,282.65,1001,70,4.1,280,90,80
201804162207,4,16,22,7,282.65,1001,70,4.1,280,90,80
201804162208,4,16,22,8,281.9,1002,70,4.1,270,90,80
201804162209,4,16,22,9,281.9,1002,70,4.1,270,90,80
201804162210,4,16,22,10,281.9,1002,70,4.1,270,90,80
201804162211,4,16,22,11,281.9,1002,70,4.1,270,90,80
201804162212,4,16,22,12,281.9,1002,70,4.1,270,90,80
201804162213,4,16,22,13,281.9,1002,70,4.1,270,90,80
201804162214,4,16,22,14,281.9,1002,70,4.1,270,90,80
201804162215,4,16,22,15,281.9,1002,70,4.1,270,90,80
201804162216,4,16,22,16,281.9,1002,70,4.1,270,90,80
201804162217,4,16,22,17,281.9,1002,70,4.1,270,90,80
201804162218,4,16,22,18,281.9,1002,70,4.1,270,90,80
201804162219,4,16,22,19,281.9,1002,70,4.1,270,90,80
201804162220,4,16,22,20,281.9,1002,70,4.1,270,90,80
201804162221,4,16,22,21,281.9,1002,70,4.1,270,90,80
201804162222,4,16,22,22,281.9,1002,70,4.1,270,90,80
201804162223,4,16,22,23,281.9,1002,70,4.1,270,90,80
201804162224,4,16,22,24,281.9,1002,70,4.1,270,90,80
201804162225,4,16,22,25,281.9,1002,70,4.1,270,90,80
201804162226,4,16,22,26,281.9,1002,70,4.1,270,90,80
201804162227,4,16,22,27,281.9,1002,70,4.1,270,90,80
201804162228,4,16,22,28,281.9,1002,70,4.1,270,90,80
201804162229,4,16,22,29,281.9,1002,70,4.1,270,90,80
201804162230,4,16,22,30,281.9,1002,70,4.1,270,90,80
201804162231,4,16,22,31,281.9,1002,70,4.1,270,90,80
201804162232,4,16,22,32,281.9,1002,70,4.1,270,90,80
201804162233,4,16,22,33,281.9,1002,70,4.1,270,90,80
201804162234,4,16,22,34,281.9,1002,70,4.1,270,90,80
201804162235,4,16,22,35,281.9,1002,70,4.1,270,90,80
201804162236,4,16,22,36,281.9,1002,70,4.1,270,90,80
201804162237,4,16,22,37,281.9,1002,70,4.1,270,90,80
201804162238,4,16,22,38,281.9,1002,70,4.1,270,90,80
201804162239,4,16,22,39,281.9,1002,70,4.1,270,90,80
201804162240,4,16,22,40,281.9,1002,70,4.1,270,90,80
201804162241,4,16,22,41,281.9,1003,65,8.2,300,90,80
201804162242,4,16,22,42,281.9,1003,65,8.2,300,90,80
201804162243,4,16,22,43,281.9,1003,65,8.2,300,90,80
201804162244,4,16,22,44,281.9,1003,65,8.2,300,90,80
201804162245,4,16,22,45,281.9,1003,65,8.2,300,90,80
201804162246,4,16,22,46,281.9,1003,65,8.2,300,90,80
201804162247,4,16,22,47,281.9,1003,65,8.2,300,90,80
201804162248,4,16,22,48,281.9,1003,65,8.2,300,90,80
201804162249,4,16,22,49,281.9,1003,65,8.2,300,90,80
201804162250,4,16,22,50,281.9,1003,65,8.2,300,90,80
201804162251,4,16,22,51,281.9,1003,65,8.2,300,90,80
201804162252,4,16,22,52,281.9,1003,65,8.2,300,90,80
201804162253,4,16,22,53,281.9,1003,65,8.2,300,90,80
201804162254,4,16,22,54,281.9,1003,65,8.2,300,90,80
201804162255,4,16,22,55,281.9,1003,65,8.2,300,90,80
201804162256,4,16,22,56,281.9,1003,65,8.2,300,90,80
201804162257,4,16,22,57,281.9,1003,65,8.2,300,90,80
201804162258,4,16,22,58,281.9,1003,65,8.2,300,90,80
201804162259,4,16,22,59,281.9,1003,65,8.2,300,90,80
201804162300,4,16,23,0,281.9,1003,65,8.2,300,90,80
201804162301,4,16,23,1,281.9,1003,65,8.2,300,90,80
201804162302,4,16,23,2,281.9,1003,65,8.2,300,90,80
201804162303,4,16,23,3,281.9,1003,65,8.2,300,90,80
201804162304,4,16,23,4,281.9,1003,65,8.2,300,90,80
201804162305,4,16,23,5,281.9,1003,65,8.2,300,90,80
201804162306,4,16,23,6,281.9,1003,65,8.2,300,90,80
201804162307,4,16,23,7,281.9,1003,65,8.2,300,90,80
201804162308,4,16,23,8,281.9,1003,65,8.2,300,90,80
201804162309,4,16,23,9,281.9,1003,65,8.2,300,90,80
201804162310,4,16,23,10,281.9,1003,65,8.2,300,90,80
201804162311,4,16,23,11,281.9,1003,65,8.2,300,90,80
201804162312,4,16,23,12,281.9,1003,65,8.2,300,90,80
201804162313,4,16,23,13,281.9,1003,65,8.2,300,90,80
201804162314,4,16,23,14,281.9,1003,65,8.2,300,90,80
201804162315,4,16,23,15,281.9,1003,65,8.2,300,90,80
201804162316,4,16,23,16,281.9,1003,65,8.2,300,90,80
201804162317,4,16,23,17,281.9,1003,65,8.2,300,90,80
201804162318,4,16,23,18,281.9,1003,65,8.2,300,90,80
201804162319,4,16,23,19,281.9,1003,65,8.2,300,90,80
201804162320,4,16,23,20,281.9,1003,65,8.2,300,90,80
201804162321,4,16,23,21,281.9,1003,65,8.2,300,90,80
201804162322,4,16,23,22,281.9,1003,65,8.2,300,90,80
201804162323,4,16,23,23,281.9,1003,65,8.2,300,90,80
201804162324,4,16,23,24,281.9,1003,65,8.2,300,90,80
201804162325,4,16,23,25,281.9,1003,65,8.2,300,90,80
201804162326,4,16,23,26,281.9,1003,65,8.2,300,90,80
201804162327,4,16,23,27,281.9,1003,65,8.2,300,90,80
201804162328,4,16,23,28,281.9,1003,65,8.2,300,90,80
201804162329,4,16,23,29,281.9,1003,65,8.2,300,90,80
201804162330,4,16,23,30,281.9,1003,65,8.2,300,90,80
201804162331,4,16,23,31,281.9,1003,65,8.2,300,90,80
201804162332,4,16,23,32,281.9,1003,65,8.2,300,90,80
201804162333,4,16,23,33,281.9,1003,65,8.2,300,90,80
201804162334,4,16,23,34,281.9,1003,65,8.2,300,90,80
201804162335,4,16,23,35,281.9,1003,65,8.2,300,90,80
201804162336,4,16,23,36,281.9,1003,65,8.2,300,90,80
201804162337,4,16,23,37,281.9,1003,65,8.2,300,90,80
201804162338,4,16,23,38,281.9,1003,65,8.2,300,90,80
201804162339,4,16,23,39,281.9,1003,65,8.2,300,90,80
201804162340,4,16,23,40,281.9,1003,65,8.2,300,90,80
201804162341,4,16,23,41,281.9,1003,65,8.2,300,90,80
201804162342,4,16,23,42,281.9,1003,65,8.2,300,90,80
201804162343,4,16,23,43,281.9,1003,65,8.2,300,90,80
201804162344,4,16,23,44,280.48,1003,70,3.1,280,90,80
201804162345,4,16,23,45,281.9,1003,65,8.2,300,90,80
201804162346,4,16,23,46,281.9,1003,65,8.2,300,90,80
201804162347,4,16,23,47,281.9,1003,65,8.2,300,90,80
201804162348,4,16,23,48,281.9,1003,65,8.2,300,90,80
201804162349,4,16,23,49,280.48,1003,70,3.1,280,90,80
201804162350,4,16,23,50,280.48,1003,70,3.1,280,90,80
201804162351,4,16,23,51,280.48,1003,70,3.1,280,90,80
201804162352,4,16,23,52,280.48,1003,70,3.1,280,90,80
201804162353,4,16,23,53,280.48,1003,70,3.1,280,90,80
201804162354,4,16,23,54,280.48,1003,70,3.1,280,90,80
201804162355,4,16,23,55,280.48,1003,70,3.1,280,90,80
201804162356,4,16,23,56,280.48,1003,70,3.1,280,90,80
201804162357,4,16,23,57,280.48,1003,70,3.1,280,90,80
201804162358,4,16,23,58,280.48,1003,70,3.1,280,90,80
201804162359,4,16,23,59,280.48,1003,70,3.1,280,90,80
201804170000,4,17,0,0,280.48,1003,70,3.1,280,90,80
201804170001,4,17,0,1,280.48,1003,70,3.1,280,90,80
201804170002,4,17,0,2,280.48,1003,70,3.1,280,90,80
201804170003,4,17,0,3,280.48,1003,70,3.1,280,90,80
201804170004,4,17,0,4,280.48,1003,70,3.1,280,90,80
201804170005,4,17,0,5,280.48,1003,70,3.1,280,90,80
201804170006,4,17,0,6,280.73,1003,65,4.6,280,90,80
201804170007,4,17,0,7,280.73,1003,65,4.6,280,90,80
201804170008,4,17,0,8,280.73,1003,65,4.6,280,90,80
201804170009,4,17,0,9,280.73,1003,65,4.6,280,90,80
201804170010,4,17,0,10,280.73,1003,65,4.6,280,90,80
201804170011,4,17,0,11,280.73,1003,65,4.6,280,90,80
201804170012,4,17,0,12,280.73,1003,65,4.6,280,90,80
201804170013,4,17,0,13,280.73,1003,65,4.6,280,90,80
201804170018,4,17,0,18,280.73,1003,65,4.6,280,90,80
201804170021,4,17,0,21,280.73,1003,65,4.6,280,90,80
201804170124,4,17,1,24,280.23,1003,65,2.6,290,40,80
201804171040,4,17,10,40,279.73,1005,52,6.7,300,90,50
201804171041,4,17,10,41,279.73,1005,52,6.7,300,90,50
201804171042,4,17,10,42,279.73,1005,52,6.7,300,90,50
201804171043,4,17,10,43,279.73,1005,52,6.7,300,90,50
201804171044,4,17,10,44,279.73,1005,52,6.7,300,90,50
201804171045,4,17,10,45,279.73,1005,52,6.7,300,90,50
201804171046,4,17,10,46,279.73,1005,52,6.7,300,90,50
201804171047,4,17,10,47,279.73,1005,52,6.7,300,90,50
201804171048,4,17,10,48,279.73,1005,52,6.7,300,90,50
201804171049,4,17,10,49,279.73,1005,52,6.7,300,90,50
201804171050,4,17,10,50,279.73,1005,52,6.7,300,90,50
201804171051,4,17,10,51,279.73,1005,52,6.7,300,90,50
201804171052,4,17,10,52,279.73,1005,52,6.7,300,90,50
201804171053,4,17,10,53,279.73,1005,52,6.7,300,90,50
201804171054,4,17,10,54,279.73,1005,52,6.7,300,90,50
201804171055,4,17,10,55,279.73,1005,52,6.7,300,90,50
201804171056,4,17,10,56,279.73,1005,52,6.7,300,90,50
201804171057,4,17,10,57,279.73,1005,52,6.7,300,90,50
201804171058,4,17,10,58,279.73,1005,52,6.7,300,90,50
201804171059,4,17,10,59,279.73,1005,52,6.7,300,90,50
201804171100,4,17,11,0,279.73,1005,52,6.7,300,90,50
201804171101,4,17,11,1,279.73,1005,52,6.7,300,90,50
201804171102,4,17,11,2,280.06,1005,48,4.6,290,90,80
201804171103,4,17,11,3,280.06,1005,48,4.6,290,90,80
201804171104,4,17,11,4,280.06,1005,48,4.6,290,90,80
201804171105,4,17,11,5,280.06,1005,48,4.6,290,90,80
201804171106,4,17,11,6,280.06,1005,48,4.6,290,90,80
201804171107,4,17,11,7,280.06,1005,48,4.6,290,90,80
201804171108,4,17,11,8,280.06,1005,48,4.6,290,90,80
201804171109,4,17,11,9,280.06,1005,48,4.6,290,90,80
201804171110,4,17,11,10,280.06,1005,48,4.6,290,90,80
201804171111,4,17,11,11,280.06,1005,48,4.6,290,90,80
201804171112,4,17,11,12,280.06,1005,48,4.6,290,90,80
201804171113,4,17,11,13,280.06,1005,48,4.6,290,90,80
201804171114,4,17,11,14,280.06,1005,48,4.6,290,90,80
201804171115,4,17,11,15,280.06,1005,48,4.6,290,90,80
201804171116,4,17,11,16,280.06,1005,48,4.6,290,90,80
201804171117,4,17,11,17,280.06,1005,48,4.6,290,90,80
201804171118,4,17,11,18,280.06,1005,48,4.6,290,90,80
201804171119,4,17,11,19,280.06,1005,48,4.6,290,90,80
201804171120,4,17,11,20,280.06,1005,48,4.6,290,90,80
201804171121,4,17,11,21,280.06,1005,48,4.6,290,90,80
201804171122,4,17,11,22,280.06,1005,48,4.6,290,90,80
201804171123,4,17,11,23,280.06,1005,48,4.6,290,90,80
201804171124,4,17,11,24,280.06,1005,48,4.6,290,90,80
201804171125,4,17,11,25,280.06,1005,48,4.6,290,90,80
201804171126,4,17,11,26,280.06,1005,48,4.6,290,90,80
201804171127,4,17,11,27,280.06,1005,48,4.6,290,90,80
201804171128,4,17,11,28,280.06,1005,48,4.6,290,90,80
201804171129,4,17,11,29,280.06,1005,48,4.6,290,90,80
201804171130,4,17,11,30,280.06,1005,48,4.6,290,90,80
201804171131,4,17,11,31,280.06,1005,48,4.6,290,90,80
201804171132,4,17,11,32,280.06,1005,48,4.6,290,90,80
201804171133,4,17,11,33,280.06,1005,48,4.6,290,90,80
201804171134,4,17,11,34,280.06,1005,52,7.7,290,90,80
201804171135,4,17,11,35,280.06,1005,52,7.7,290,90,80
201804171136,4,17,11,36,280.06,1005,52,7.7,290,90,80
201804171137,4,17,11,37,280.06,1005,52,7.7,290,90,80
201804171138,4,17,11,38,280.06,1005,52,7.7,290,90,80
201804171139,4,17,11,39,280.06,1005,52,7.7,290,90,80
201804171140,4,17,11,40,280.06,1005,52,7.7,290,90,80
201804171141,4,17,11,41,280.06,1005,52,7.7,290,90,80
201804171142,4,17,11,42,280.06,1005,52,7.7,290,90,80
201804171143,4,17,11,43,280.06,1005,52,7.7,290,90,80
201804171144,4,17,11,44,280.06,1005,52,7.7,290,90,80
201804171145,4,17,11,45,280.06,1005,52,7.7,290,90,80
201804171146,4,17,11,46,280.06,1005,52,7.7,290,90,80
201804171147,4,17,11,47,280.06,1005,52,7.7,290,90,80
201804171148,4,17,11,48,280.06,1005,52,7.7,290,90,80
201804171149,4,17,11,49,280.06,1005,52,7.7,290,90,80
201804171150,4,17,11,50,280.06,1005,52,7.7,290,90,80
201804171151,4,17,11,51,280.06,1005,52,7.7,290,90,80
201804171152,4,17,11,52,280.06,1005,52,7.7,290,90,80
201804171153,4,17,11,53,280.06,1005,52,7.7,290,90,80
201804171154,4,17,11,54,280.06,1005,52,7.7,290,90,80
201804171155,4,17,11,55,280.06,1005,52,7.7,290,90,80
201804171156,4,17,11,56,280.06,1005,52,7.7,290,90,80
201804171157,4,17,11,57,280.06,1005,52,7.7,290,90,80
201804171158,4,17,11,58,280.06,1005,52,7.7,290,90,80
201804171159,4,17,11,59,280.06,1005,52,7.7,290,90,80
201804171200,4,17,12,0,280.06,1005,52,7.7,290,90,80
201804171201,4,17,12,1,280.06,1005,52,7.7,290,90,80
201804171202,4,17,12,2,280.06,1005,52,7.7,290,90,80
201804171203,4,17,12,3,280.06,1005,52,7.7,290,90,80
201804171204,4,17,12,4,280.06,1005,52,7.7,290,90,80
201804171205,4,17,12,5,280.06,1005,52,7.7,290,90,80
201804171206,4,17,12,6,280.06,1005,52,7.7,290,90,80
201804171207,4,17,12,7,280.06,1005,52,7.7,290,90,80
201804171208,4,17,12,8,280.06,1005,52,7.7,290,90,80
201804171209,4,17,12,9,280.06,1005,52,7.7,290,90,80
201804171210,4,17,12,10,280.06,1005,52,7.7,290,90,80
201804171211,4,17,12,11,280.06,1005,52,7.7,290,90,80
201804171212,4,17,12,12,280.06,1005,52,7.7,290,90,80
201804171213,4,17,12,13,280.06,1005,52,7.7,290,90,80
201804171214,4,17,12,14,280.06,1005,52,7.7,290,90,80
201804171215,4,17,12,15,280.06,1005,52,7.7,290,90,80
201804171216,4,17,12,16,280.06,1005,52,7.7,290,90,80
201804171217,4,17,12,17,280.06,1005,52,7.7,290,90,80
201804171218,4,17,12,18,280.06,1005,52,7.7,290,90,80
201804171219,4,17,12,19,280.06,1005,52,7.7,290,90,80
201804171220,4,17,12,20,280.06,1005,52,7.7,290,90,80
201804171221,4,17,12,21,280.06,1005,52,7.7,290,90,80
201804171222,4,17,12,22,280.06,1005,52,7.7,290,90,80
201804171223,4,17,12,23,280.06,1005,52,7.7,290,90,80
201804171224,4,17,12,24,280.06,1005,52,7.7,290,90,80
201804171225,4,17,12,25,280.06,1005,52,7.7,290,90,80
201804171226,4,17,12,26,280.06,1005,52,7.7,290,90,80
201804171227,4,17,12,27,280.06,1005,52,7.7,290,90,80
201804171228,4,17,12,28,280.06,1005,52,7.7,290,90,80
201804171229,4,17,12,29,280.06,1005,52,7.7,290,90,80
201804171230,4,17,12,30,280.06,1005,52,7.7,290,90,80
201804171231,4,17,12,31,280.06,1005,52,7.7,290,90,80
201804171232,4,17,12,32,280.06,1005,52,7.7,290,90,80
201804171233,4,17,12,33,280.06,1005,52,7.7,290,90,80
201804171234,4,17,12,34,280.06,1005,52,7.7,290,90,80
201804171235,4,17,12,35,280.06,1005,52,7.7,290,90,80
201804171236,4,17,12,36,280.06,1005,52,7.7,290,90,80
201804171237,4,17,12,37,280.06,1005,52,7.7,290,90,80
201804171238,4,17,12,38,280.06,1005,52,7.7,290,90,80
201804171239,4,17,12,39,280.06,1005,52,7.7,290,90,80
201804171240,4,17,12,40,280.06,1005,52,7.7,290,90,80
201804171241,4,17,12,41,280.06,1005,52,7.7,290,90,80
201804171242,4,17,12,42,280.06,1005,52,7.7,290,90,80
201804171243,4,17,12,43,280.06,1005,52,7.7,290,90,80
201804171244,4,17,12,44,280.82,1005,48,8.7,300,90,80
201804171245,4,17,12,45,280.82,1005,48,8.7,300,90,80
201804171246,4,17,12,46,280.82,1005,48,8.7,300,90,80
201804171247,4,17,12,47,280.82,1005,48,8.7,300,90,80
201804171248,4,17,12,48,280.82,1005,48,8.7,300,90,80
201804171249,4,17,12,49,280.82,1005,48,8.7,300,90,80
201804171300,4,17,13,0,280.82,1005,48,8.7,300,90,80
201804171301,4,17,13,1,280.82,1005,48,8.7,300,90,80
201804171302,4,17,13,2,280.82,1005,48,8.7,300,90,80
201804171303,4,17,13,3,280.82,1005,48,8.7,300,90,80
201804171304,4,17,13,4,280.82,1005,48,8.7,300,90,80
201804171305,4,17,13,5,280.82,1005,48,8.7,300,90,80
201804171306,4,17,13,6,280.61,1004,49,4.31,256.502,90,80
201804171307,4,17,13,7,280.61,1004,49,4.31,256.502,90,80
201804171308,4,17,13,8,280.61,1004,49,4.31,256.502,90,80
201804171319,4,17,13,19,280.61,1004,49,4.31,256.502,90,80
201804171320,4,17,13,20,280.61,1004,49,4.31,256.502,90,80
201804171321,4,17,13,21,280.61,1004,49,4.31,256.502,90,80
201804171322,4,17,13,22,280.61,1004,49,4.31,256.502,90,80
201804171323,4,17,13,23,280.61,1004,49,4.31,256.502,90,80
201804171324,4,17,13,24,280.61,1004,49,4.31,256.502,90,80
201804171329,4,17,13,29,280.61,1004,49,4.31,256.502,90,80
201804171330,4,17,13,30,280.61,1004,49,4.31,256.502,90,80
201804171331,4,17,13,31,280.61,1004,49,4.31,256.502,90,80
201804171332,4,17,13,32,280.61,1004,49,4.31,256.502,90,80
201804171441,4,17,14,41,280.81,1004,45,9.3,300,90,80
201804171442,4,17,14,42,280.81,1004,45,9.3,300,90,80
201804171443,4,17,14,43,280.81,1004,45,9.3,300,90,80
201804171444,4,17,14,44,280.81,1004,45,9.3,300,90,80
201804171445,4,17,14,45,280.81,1004,45,9.3,300,90,80
201804171446,4,17,14,46,280.81,1004,45,9.3,300,90,80
201804171447,4,17,14,47,280.81,1004,45,9.3,300,90,80
201804171448,4,17,14,48,280.81,1004,45,9.3,300,90,80
201804171449,4,17,14,49,280.81,1004,45,9.3,300,90,80
201804171450,4,17,14,50,280.81,1004,45,9.3,300,90,80
201804171451,4,17,14,51,280.81,1004,45,9.3,300,90,80
201804171452,4,17,14,52,280.81,1004,45,9.3,300,90,80
201804171453,4,17,14,53,280.81,1004,45,9.3,300,90,80
201804171454,4,17,14,54,280.81,1004,45,9.3,300,90,80
201804171455,4,17,14,55,280.81,1004,45,9.3,300,90,80
201804171456,4,17,14,56,280.81,1004,45,9.3,300,90,80
201804171457,4,17,14,57,280.81,1004,45,9.3,300,90,80
201804171458,4,17,14,58,280.81,1004,45,9.3,300,90,80
201804171459,4,17,14,59,280.81,1004,45,9.3,300,90,80
201804171500,4,17,15,0,280.81,1004,45,9.3,300,90,80
201804171501,4,17,15,1,280.81,1004,45,9.3,300,90,80
201804171502,4,17,15,2,280.22,1004,45,6.2,280,90,80
201804171503,4,17,15,3,280.22,1004,45,6.2,280,90,80
201804171504,4,17,15,4,280.22,1004,45,6.2,280,90,80
201804171505,4,17,15,5,280.22,1004,45,6.2,280,90,80
201804171506,4,17,15,6,280.22,1004,45,6.2,280,90,80
201804171507,4,17,15,7,280.22,1004,45,6.2,280,90,80
201804171508,4,17,15,8,280.22,1004,45,6.2,280,90,80
201804171509,4,17,15,9,280.22,1004,45,6.2,280,90,80
201804171510,4,17,15,10,280.22,1004,45,6.2,280,90,80
201804171511,4,17,15,11,280.22,1004,45,6.2,280,90,80
201804171512,4,17,15,12,280.22,1004,45,6.2,280,90,80
201804171513,4,17,15,13,280.22,1004,45,6.2,280,90,80
201804171514,4,17,15,14,280.22,1004,45,6.2,280,90,80
201804171515,4,17,15,15,280.22,1004,45,6.2,280,90,80
201804171516,4,17,15,16,280.22,1004,45,6.2,280,90,80
201804171517,4,17,15,17,280.22,1004,45,6.2,280,90,80
201804171518,4,17,15,18,280.22,1004,45,6.2,280,90,80
201804171519,4,17,15,19,280.22,1004,45,6.2,280,90,80
201804171520,4,17,15,20,280.22,1004,45,6.2,280,90,80
201804171521,4,17,15,21,280.22,1004,45,6.2,280,90,80
201804171522,4,17,15,22,280.22,1004,45,6.2,280,90,80
201804171523,4,17,15,23,280.22,1004,45,6.2,280,90,80
201804171524,4,17,15,24,280.22,1004,45,6.2,280,90,80
201804171525,4,17,15,25,280.22,1004,45,6.2,280,90,80
201804171526,4,17,15,26,280.22,1004,45,6.2,280,90,80
201804171527,4,17,15,27,280.22,1004,45,6.2,280,90,80
201804171528,4,17,15,28,280.22,1004,45,6.2,280,90,80
201804171529,4,17,15,29,280.22,1004,45,6.2,280,90,80
201804171530,4,17,15,30,280.22,1004,45,6.2,280,90,80
201804171531,4,17,15,31,280.22,1004,45,6.2,280,90,80
201804171532,4,17,15,32,280.22,1004,45,6.2,280,90,80
201804171533,4,17,15,33,280.22,1004,45,6.2,280,90,80
201804171534,4,17,15,34,280.22,1004,45,6.2,280,90,80
201804171535,4,17,15,35,280.3,1004,45,6.2,300,90,80
201804171536,4,17,15,36,280.3,1004,45,6.2,300,90,80
201804171537,4,17,15,37,280.3,1004,45,6.2,300,90,80
201804171538,4,17,15,38,280.3,1004,45,6.2,300,90,80
201804171539,4,17,15,39,280.3,1004,45,6.2,300,90,80
201804171540,4,17,15,40,280.3,1004,45,6.2,300,90,80
201804171541,4,17,15,41,280.3,1004,45,6.2,300,90,80
201804171542,4,17,15,42,280.3,1004,45,6.2,300,90,80
201804171543,4,17,15,43,280.3,1004,45,6.2,300,90,80
201804171544,4,17,15,44,280.3,1004,45,6.2,300,90,80
201804171545,4,17,15,45,280.3,1004,45,6.2,300,90,80
201804171546,4,17,15,46,280.3,1004,45,6.2,300,90,80
201804171547,4,17,15,47,280.3,1004,45,6.2,300,90,80
201804171548,4,17,15,48,280.3,1004,45,6.2,300,90,80
201804171549,4,17,15,49,280.3,1004,45,6.2,300,90,80
201804171550,4,17,15,50,280.3,1004,45,6.2,300,90,80
201804171551,4,17,15,51,280.3,1004,45,6.2,300,90,80
201804171552,4,17,15,52,280.3,1004,45,6.2,300,90,80
201804171553,4,17,15,53,280.3,1004,45,6.2,300,90,80
201804171554,4,17,15,54,280.3,1004,45,6.2,300,90,80
201804171555,4,17,15,55,280.3,1004,45,6.2,300,90,80
201804171556,4,17,15,56,280.3,1004,45,6.2,300,90,80
201804171557,4,17,15,57,280.3,1004,45,6.2,300,90,80
201804171558,4,17,15,58,280.3,1004,45,6.2,300,90,80
201804171559,4,17,15,59,280.3,1004,45,6.2,300,90,80
201804171600,4,17,16,0,280.3,1004,45,6.2,300,90,80
201804171601,4,17,16,1,280.3,1004,45,6.2,300,90,80
201804171602,4,17,16,2,280.15,1004,45,4.1,290,90,80
201804171603,4,17,16,3,280.3,1004,45,6.2,300,90,80
201804171604,4,17,16,4,280.3,1004,45,6.2,300,90,80
201804171605,4,17,16,5,280.3,1004,45,6.2,300,90,80
201804171606,4,17,16,6,280.3,1004,45,6.2,300,90,80
201804171607,4,17,16,7,280.3,1004,45,6.2,300,90,80
201804171608,4,17,16,8,280.3,1004,45,6.2,300,90,80
201804171609,4,17,16,9,280.3,1004,45,6.2,300,90,80
201804171610,4,17,16,10,280.3,1004,45,6.2,300,90,80
201804171611,4,17,16,11,280.3,1004,45,6.2,300,90,80
201804171612,4,17,16,12,280.3,1004,45,6.2,300,90,80
201804171613,4,17,16,13,280.3,1004,45,6.2,300,90,80
201804171614,4,17,16,14,280.3,1004,45,6.2,300,90,80
201804171615,4,17,16,15,280.3,1004,45,6.2,300,90,80
201804171616,4,17,16,16,280.3,1004,45,6.2,300,90,80
201804171617,4,17,16,17,280.3,1004,45,6.2,300,90,80
201804171618,4,17,16,18,280.3,1004,45,6.2,300,90,80
201804171619,4,17,16,19,280.15,1004,45,4.1,290,90,80
201804171620,4,17,16,20,280.3,1004,45,6.2,300,90,80
201804171621,4,17,16,21,280.3,1004,45,6.2,300,90,80
201804171622,4,17,16,22,280.3,1004,45,6.2,300,90,80
201804171623,4,17,16,23,280.3,1004,45,6.2,300,90,80
201804171624,4,17,16,24,280.3,1004,45,6.2,300,90,80
201804171625,4,17,16,25,280.3,1004,45,6.2,300,90,80
201804171626,4,17,16,26,280.3,1004,45,6.2,300,90,80
201804171627,4,17,16,27,280.3,1004,45,6.2,300,90,80
201804171628,4,17,16,28,280.3,1004,45,6.2,300,90,80
201804171629,4,17,16,29,280.3,1004,45,6.2,300,90,80
201804171630,4,17,16,30,280.3,1004,45,6.2,300,90,80
201804171631,4,17,16,31,280.3,1004,45,6.2,300,90,80
201804171632,4,17,16,32,280.3,1004,45,6.2,300,90,80
201804171633,4,17,16,33,280.3,1004,45,6.2,300,90,80
201804171634,4,17,16,34,280.3,1004,45,6.2,300,90,80
201804171635,4,17,16,35,280.3,1004,45,6.2,300,90,80
201804171636,4,17,16,36,280.3,1004,45,6.2,300,90,80
201804171637,4,17,16,37,280.3,1004,45,6.2,300,90,80
201804171638,4,17,16,38,280.3,1004,45,6.2,300,90,80
201804171639,4,17,16,39,280.3,1004,45,6.2,300,90,80
201804171640,4,17,16,40,280.3,1004,45,6.2,300,90,80
201804171641,4,17,16,41,280.3,1004,45,6.2,300,90,80
201804171642,4,17,16,42,280.3,1004,45,6.2,300,90,80
201804171643,4,17,16,43,280.3,1004,45,6.2,300,90,80
201804171644,4,17,16,44,280.3,1004,45,6.2,300,90,80
201804171645,4,17,16,45,280.3,1004,45,6.2,300,90,80
201804171646,4,17,16,46,280.3,1004,45,6.2,300,90,80
201804171647,4,17,16,47,280.06,1004,45,7.7,280,90,80
201804171648,4,17,16,48,280.06,1004,45,7.7,280,90,80
201804171649,4,17,16,49,280.06,1004,45,7.7,280,90,80
201804171650,4,17,16,50,280.06,1004,45,7.7,280,90,80
201804171651,4,17,16,51,280.06,1004,45,7.7,280,90,80
201804171652,4,17,16,52,280.06,1004,45,7.7,280,90,80
201804171653,4,17,16,53,280.06,1004,45,7.7,280,90,80
201804171654,4,17,16,54,280.06,1004,45,7.7,280,90,80
201804171655,4,17,16,55,280.06,1004,45,7.7,280,90,80
201804171656,4,17,16,56,280.06,1004,45,7.7,280,90,80
201804171657,4,17,16,57,280.06,1004,45,7.7,280,90,80
201804171658,4,17,16,58,280.06,1004,45,7.7,280,90,80
201804171659,4,17,16,59,280.06,1004,45,7.7,280,90,80
201804171700,4,17,17,0,280.06,1004,45,7.7,280,90,80
201804171701,4,17,17,1,280.06,1004,45,7.7,280,90,80
201804171702,4,17,17,2,280.06,1004,45,7.7,280,90,80
201804171703,4,17,17,3,280.06,1004,45,7.7,280,90,80
201804171704,4,17,17,4,280.06,1004,45,7.7,280,90,80
201804171705,4,17,17,5,280.06,1004,45,7.7,280,90,80
201804171706,4,17,17,6,280.06,1004,45,7.7,280,90,80
201804171707,4,17,17,7,280.06,1004,45,7.7,280,90,80
201804171708,4,17,17,8,280.06,1004,45,7.7,280,90,80
201804171709,4,17,17,9,280.06,1004,45,7.7,280,90,80
201804171710,4,17,17,10,280.06,1004,45,7.7,280,90,80
201804171711,4,17,17,11,280.06,1004,45,7.7,280,90,80
201804171712,4,17,17,12,280.06,1004,45,7.7,280,90,80
201804171713,4,17,17,13,280.06,1004,45,7.7,280,90,80
201804171714,4,17,17,14,280.06,1004,45,7.7,280,90,80
201804171715,4,17,17,15,280.06,1004,45,7.7,280,90,80
201804171716,4,17,17,16,280.06,1004,45,7.7,280,90,80
201804171717,4,17,17,17,280.06,1004,45,7.7,280,90,80
201804171718,4,17,17,18,280.06,1004,45,7.7,280,90,80
201804171719,4,17,17,19,280.06,1004,45,7.7,280,90,80
201804171720,4,17,17,20,280.06,1004,45,7.7,280,90,80
201804171721,4,17,17,21,280.06,1004,45,7.7,280,90,80
201804171722,4,17,17,22,280.06,1004,45,7.7,280,90,80
201804171723,4,17,17,23,280.06,1004,45,7.7,280,90,80
201804171724,4,17,17,24,280.06,1004,45,7.7,280,90,80
201804171725,4,17,17,25,280.06,1004,45,7.7,280,90,80
201804171726,4,17,17,26,280.06,1004,45,7.7,280,90,80
201804171727,4,17,17,27,280.06,1004,45,7.7,280,90,80
201804171728,4,17,17,28,280.06,1004,45,7.7,280,90,80
201804171729,4,17,17,29,280.06,1004,45,7.7,280,90,80
201804171730,4,17,17,30,280.06,1004,45,7.7,280,90,80
201804171731,4,17,17,31,280.06,1004,45,7.7,280,90,80
201804171732,4,17,17,32,280.06,1004,45,7.7,280,90,80
201804171733,4,17,17,33,280.06,1004,45,7.7,280,90,80
201804171734,4,17,17,34,280.06,1004,45,7.7,280,90,80
201804171735,4,17,17,35,280.06,1004,45,7.7,280,90,80
201804171736,4,17,17,36,280.06,1004,45,7.7,280,90,80
201804171737,4,17,17,37,280.06,1004,45,7.7,280,90,80
201804171738,4,17,17,38,280.06,1004,45,7.7,280,90,80
201804171739,4,17,17,39,280.06,1004,45,7.7,280,90,80
201804171740,4,17,17,40,280.06,1004,45,7.7,280,90,80
201804171741,4,17,17,41,280.06,1004,45,7.7,280,90,80
201804171742,4,17,17,42,280.06,1004,45,7.7,280,90,80
201804171743,4,17,17,43,280.06,1004,45,7.7,280,90,80
201804171744,4,17,17,44,280.06,1004,45,7.7,280,90,80
201804171745,4,17,17,45,280.06,1004,45,7.7,280,90,80
201804171746,4,17,17,46,280.06,1004,45,7.7,280,90,80
201804171747,4,17,17,47,279.9,1004,45,6.7,290,75,80
201804171748,4,17,17,48,279.9,1004,45,6.7,290,75,80
201804171749,4,17,17,49,279.9,1004,45,6.7,290,75,80
201804171750,4,17,17,50,279.9,1004,45,6.7,290,75,80
201804171751,4,17,17,51,279.9,1004,45,6.7,290,75,80
201804171752,4,17,17,52,279.9,1004,45,6.7,290,75,80
201804171753,4,17,17,53,279.9,1004,45,6.7,290,75,80
201804171754,4,17,17,54,279.9,1004,45,6.7,290,75,80
201804171755,4,17,17,55,279.9,1004,45,6.7,290,75,80
201804171756,4,17,17,56,279.9,1004,45,6.7,290,75,80
201804171757,4,17,17,57,279.9,1004,45,6.7,290,75,80
201804171758,4,17,17,58,279.9,1004,45,6.7,290,75,80
201804171759,4,17,17,59,279.9,1004,45,6.7,290,75,80
201804171800,4,17,18,0,279.9,1004,45,6.7,290,75,80
201804171801,4,17,18,1,279.9,1004,45,6.7,290,75,80
201804171802,4,17,18,2,279.9,1004,45,6.7,290,75,80
201804171803,4,17,18,3,279.9,1004,45,6.7,290,75,80
201804171804,4,17,18,4,279.9,1004,45,6.7,290,75,80
201804171805,4,17,18,5,279.9,1004,45,6.7,290,75,80
201804171806,4,17,18,6,279.9,1004,45,6.7,290,75,80
201804171807,4,17,18,7,279.9,1004,45,6.7,290,75,80
201804171808,4,17,18,8,279.9,1004,45,6.7,290,75,80
201804171809,4,17,18,9,279.9,1004,45,6.7,290,75,80
201804171810,4,17,18,10,279.9,1004,45,6.7,290,75,80
201804171811,4,17,18,11,279.9,1004,45,6.7,290,75,80
201804171812,4,17,18,12,279.9,1004,45,6.7,290,75,80
201804171813,4,17,18,13,279.9,1004,45,6.7,290,75,80
201804171814,4,17,18,14,279.9,1004,45,6.7,290,75,80
201804171815,4,17,18,15,279.9,1004,45,6.7,290,75,80
201804171816,4,17,18,16,279.9,1004,45,6.7,290,75,80
201804171817,4,17,18,17,279.9,1004,45,6.7,290,75,80
201804171818,4,17,18,18,279.9,1004,45,6.7,290,75,80
201804171819,4,17,18,19,279.9,1004,45,6.7,290,75,80
201804171820,4,17,18,20,279.9,1004,45,6.7,290,75,80
201804171821,4,17,18,21,279.9,1004,45,6.7,290,75,80
201804171822,4,17,18,22,279.9,1004,45,6.7,290,75,80
201804171823,4,17,18,23,279.9,1004,45,6.7,290,75,80
201804171824,4,17,18,24,279.9,1004,45,6.7,290,75,80
201804171825,4,17,18,25,279.9,1004,45,6.7,290,75,80
201804171826,4,17,18,26,279.9,1004,45,6.7,290,75,80
201804171827,4,17,18,27,279.9,1004,45,6.7,290,75,80
201804171828,4,17,18,28,279.9,1004,45,6.7,290,75,80
201804171829,4,17,18,29,279.9,1004,45,6.7,290,75,80
201804171830,4,17,18,30,279.9,1004,45,6.7,290,75,80
201804171831,4,17,18,31,279.9,1004,45,6.7,290,75,80
201804171832,4,17,18,32,279.9,1004,45,6.7,290,75,80
201804171835,4,17,18,35,279.9,1004,45,6.7,290,75,80
201804171935,4,17,19,35,278.14,1006,65,6.2,290,75,50
201804171938,4,17,19,38,278.14,1006,65,6.2,290,75,50
201804171940,4,17,19,40,278.14,1006,65,6.2,290,75,50
201804171941,4,17,19,41,278.14,1006,65,6.2,290,75,50
201804171942,4,17,19,42,278.14,1006,65,6.2,290,75,50
201804171943,4,17,19,43,278.14,1006,65,6.2,290,75,50
201804171944,4,17,19,44,278.14,1006,65,6.2,290,75,50
201804171945,4,17,19,45,278.14,1006,65,6.2,290,75,50
201804171946,4,17,19,46,278.14,1006,65,6.2,290,75,50
201804171947,4,17,19,47,278.14,1006,65,6.2,290,75,50
201804171948,4,17,19,48,278.14,1006,65,6.2,290,75,50
201804171949,4,17,19,49,278.14,1006,65,6.2,290,75,50
201804171950,4,17,19,50,278.14,1006,65,6.2,290,75,50
201804171951,4,17,19,51,278.14,1006,65,6.2,290,75,50
201804171952,4,17,19,52,278.14,1006,65,6.2,290,75,50
201804171953,4,17,19,53,278.14,1006,65,6.2,290,75,50
201804171954,4,17,19,54,278.14,1006,65,6.2,290,75,50
201804171955,4,17,19,55,278.14,1006,65,6.2,290,75,50
201804171956,4,17,19,56,278.14,1006,65,6.2,290,75,50
201804171957,4,17,19,57,278.14,1006,65,6.2,290,75,50
201804171958,4,17,19,58,278.14,1006,65,6.2,290,75,50
201804171959,4,17,19,59,278.14,1006,65,6.2,290,75,50
201804172000,4,17,20,0,278.14,1006,65,6.2,290,75,50
201804172001,4,17,20,1,278.14,1006,65,6.2,290,75,50
201804172002,4,17,20,2,278.14,1006,65,6.2,290,75,50
201804172003,4,17,20,3,278.14,1006,65,6.2,290,75,50
201804172004,4,17,20,4,278.14,1006,65,6.2,290,75,50
201804172005,4,17,20,5,278.14,1006,65,6.2,290,75,50
201804172006,4,17,20,6,278.14,1006,65,6.2,290,75,50
201804172007,4,17,20,7,278.14,1006,65,6.2,290,75,50
201804172008,4,17,20,8,278.14,1006,65,6.2,290,75,50
201804172009,4,17,20,9,278.14,1006,65,6.2,290,75,50
201804172010,4,17,20,10,278.14,1006,65,6.2,290,75,50
201804172011,4,17,20,11,277.76,1006,60,3.6,290,90,80
201804172012,4,17,20,12,277.76,1006,60,3.6,290,90,80
201804172013,4,17,20,13,277.76,1006,60,3.6,290,90,80
201804172014,4,17,20,14,277.76,1006,60,3.6,290,90,80
201804172015,4,17,20,15,277.76,1006,60,3.6,290,90,80
201804172016,4,17,20,16,277.76,1006,60,3.6,290,90,80
201804172017,4,17,20,17,277.76,1006,60,3.6,290,90,80
201804172018,4,17,20,18,277.76,1006,60,3.6,290,90,80
201804172019,4,17,20,19,277.76,1006,60,3.6,290,90,80
201804172020,4,17,20,20,277.76,1006,60,3.6,290,90,80
201804172021,4,17,20,21,277.76,1006,60,3.6,290,90,80
201804172022,4,17,20,22,277.76,1006,60,3.6,290,90,80
201804172023,4,17,20,23,277.76,1006,60,3.6,290,90,80
201804172024,4,17,20,24,277.76,1006,60,3.6,290,90,80
201804172025,4,17,20,25,277.76,1006,60,3.6,290,90,80
201804172026,4,17,20,26,277.76,1006,60,3.6,290,90,80
201804172027,4,17,20,27,277.76,1006,60,3.6,290,90,80
201804172028,4,17,20,28,277.76,1006,60,3.6,290,90,80
201804172029,4,17,20,29,277.76,1006,60,3.6,290,90,80
201804172030,4,17,20,30,277.76,1006,60,3.6,290,90,80
201804172031,4,17,20,31,277.76,1006,60,3.6,290,90,80
201804172032,4,17,20,32,277.76,1006,60,3.6,290,90,80
201804172033,4,17,20,33,277.76,1006,60,5.1,280,90,80
201804172034,4,17,20,34,277.76,1006,60,5.1,280,90,80
201804172035,4,17,20,35,277.76,1006,60,5.1,280,90,80
201804172036,4,17,20,36,277.76,1006,60,5.1,280,90,80
201804172037,4,17,20,37,277.76,1006,60,5.1,280,90,80
201804172038,4,17,20,38,277.76,1006,60,5.1,280,90,80
201804172039,4,17,20,39,277.76,1006,60,5.1,280,90,80
201804172040,4,17,20,40,277.76,1006,60,5.1,280,90,80
201804172041,4,17,20,41,277.76,1006,60,5.1,280,90,80
201804172042,4,17,20,42,277.76,1006,60,5.1,280,90,80
201804172043,4,17,20,43,277.76,1006,60,5.1,280,90,80
201804172044,4,17,20,44,277.76,1006,60,5.1,280,90,80
201804172045,4,17,20,45,277.76,1006,60,5.1,280,90,80
201804172046,4,17,20,46,277.76,1006,60,5.1,280,90,80
201804172047,4,17,20,47,277.76,1006,60,5.1,280,90,80
201804172048,4,17,20,48,277.76,1006,60,5.1,280,90,80
201804172049,4,17,20,49,277.76,1006,60,5.1,280,90,80
201804172050,4,17,20,50,277.76,1006,60,5.1,280,90,80
201804172051,4,17,20,51,277.76,1006,60,5.1,280,90,80
201804172052,4,17,20,52,277.76,1006,60,5.1,280,90,80
201804172053,4,17,20,53,277.76,1006,60,5.1,280,90,80
201804172054,4,17,20,54,277.76,1006,60,5.1,280,90,80
201804172055,4,17,20,55,277.76,1006,60,5.1,280,90,80
201804172056,4,17,20,56,277.76,1006,60,5.1,280,90,80
201804172057,4,17,20,57,277.76,1006,60,5.1,280,90,80
201804172058,4,17,20,58,277.76,1006,60,5.1,280,90,80
201804172059,4,17,20,59,277.76,1006,60,5.1,280,90,80
201804172100,4,17,21,0,277.76,1006,60,5.1,280,90,80
201804172101,4,17,21,1,277.76,1006,60,5.1,280,90,80
201804172102,4,17,21,2,277.76,1006,60,5.1,280,90,80
201804172103,4,17,21,3,277.76,1006,60,5.1,280,90,80
201804172104,4,17,21,4,277.76,1006,60,5.1,280,90,80
201804172105,4,17,21,5,277.76,1006,60,5.1,280,90,80
201804172106,4,17,21,6,277.76,1006,60,5.1,280,90,80
201804172107,4,17,21,7,277.76,1006,60,5.1,280,90,80
201804172108,4,17,21,8,277.76,1006,60,5.1,280,90,80
201804172109,4,17,21,9,277.76,1006,60,5.1,280,90,80
201804172110,4,17,21,10,277.76,1006,60,5.1,280,90,80
201804172111,4,17,21,11,277.76,1006,60,5.1,280,90,80
201804172112,4,17,21,12,277.76,1006,60,5.1,280,90,80
201804172113,4,17,21,13,277.76,1006,60,5.1,280,90,80
201804172114,4,17,21,14,277.76,1006,60,5.1,280,90,80
201804172115,4,17,21,15,277.76,1006,60,5.1,280,90,80
201804172116,4,17,21,16,277.76,1006,60,5.1,280,90,80
201804172117,4,17,21,17,277.76,1006,60,5.1,280,90,80
201804172118,4,17,21,18,277.76,1006,60,5.1,280,90,80
201804172119,4,17,21,19,277.76,1006,60,5.1,280,90,80
201804172120,4,17,21,20,277.76,1006,60,5.1,280,90,80
201804172121,4,17,21,21,277.76,1006,60,5.1,280,90,80
201804172122,4,17,21,22,277.76,1006,60,5.1,280,90,80
201804172123,4,17,21,23,277.76,1006,60,5.1,280,90,80
201804172124,4,17,21,24,277.76,1006,60,5.1,280,90,80
201804172125,4,17,21,25,277.76,1006,60,5.1,280,90,80
201804172126,4,17,21,26,277.76,1006,60,5.1,280,90,80
201804172127,4,17,21,27,277.76,1006,60,5.1,280,90,80
201804172128,4,17,21,28,277.76,1006,60,5.1,280,90,80
201804172129,4,17,21,29,277.76,1006,60,5.1,280,90,80
201804172130,4,17,21,30,277.76,1006,60,5.1,280,90,80
201804172131,4,17,21,31,277.76,1006,60,5.1,280,90,80
201804172132,4,17,21,32,277.76,1006,60,5.1,280,90,80
201804172133,4,17,21,33,277.76,1006,60,5.1,280,90,80
201804172134,4,17,21,34,277.76,1006,60,5.1,280,90,80
201804172135,4,17,21,35,277.76,1006,60,5.1,280,90,80
201804172136,4,17,21,36,277.76,1006,60,5.1,280,90,80
201804172137,4,17,21,37,277.76,1006,60,5.1,280,90,80
201804172138,4,17,21,38,277.76,1006,60,5.1,280,90,80
201804172139,4,17,21,39,277.76,1006,60,5.1,280,90,80
201804172140,4,17,21,40,277.76,1006,60,5.1,280,90,80
201804172141,4,17,21,41,277.76,1006,60,5.1,280,90,80
201804172142,4,17,21,42,277.76,1006,60,5.1,280,90,80
201804172143,4,17,21,43,277.76,1006,60,5.1,280,90,80
201804172144,4,17,21,44,277.76,1006,60,5.1,280,90,80
201804172145,4,17,21,45,277.76,1006,60,5.1,280,90,80
201804172146,4,17,21,46,277.76,1006,60,5.1,280,90,80
201804172147,4,17,21,47,277.76,1006,60,5.1,280,90,80
201804172148,4,17,21,48,277.68,1007,56,6.2,290,75,30
201804172149,4,17,21,49,277.68,1007,56,6.2,290,75,30
201804172150,4,17,21,50,277.68,1007,56,6.2,290,75,30
201804172151,4,17,21,51,277.68,1007,56,6.2,290,75,30
201804172152,4,17,21,52,277.68,1007,56,6.2,290,75,30
201804172153,4,17,21,53,277.68,1007,56,6.2,290,75,30
201804172154,4,17,21,54,277.68,1007,56,6.2,290,75,30
201804172155,4,17,21,55,277.68,1007,56,6.2,290,75,30
201804172156,4,17,21,56,277.68,1007,56,6.2,290,75,30
201804172157,4,17,21,57,277.68,1007,56,6.2,290,75,30
201804172158,4,17,21,58,277.68,1007,56,6.2,290,75,30
201804172159,4,17,21,59,277.68,1007,56,6.2,290,75,30
201804172200,4,17,22,0,277.68,1007,56,6.2,290,75,30
201804172201,4,17,22,1,277.68,1007,56,6.2,290,75,30
201804172202,4,17,22,2,277.68,1007,56,6.2,290,75,30
201804172203,4,17,22,3,277.68,1007,56,6.2,290,75,30
201804172204,4,17,22,4,277.68,1007,56,6.2,290,75,30
201804172205,4,17,22,5,277.68,1007,56,6.2,290,75,30
201804172206,4,17,22,6,277.68,1007,56,6.2,290,75,30
201804172207,4,17,22,7,277.68,1007,56,6.2,290,75,30
201804172208,4,17,22,8,277.68,1007,56,6.2,290,75,30
201804172209,4,17,22,9,277.68,1007,56,6.2,290,75,30
201804172210,4,17,22,10,277.68,1007,56,6.2,290,75,30
201804172211,4,17,22,11,277.68,1007,56,6.2,290,75,30
201804172212,4,17,22,12,277.68,1007,56,6.2,290,75,30
201804172213,4,17,22,13,277.68,1007,56,6.2,290,75,30
201804172214,4,17,22,14,277.68,1007,56,6.2,290,75,30
201804172215,4,17,22,15,277.68,1007,56,6.2,290,75,30
201804172216,4,17,22,16,277.68,1007,56,6.2,290,75,30
201804172217,4,17,22,17,277.68,1007,56,6.2,290,75,30
201804172218,4,17,22,18,277.68,1007,56,6.2,290,75,30
201804172219,4,17,22,19,277.68,1007,56,6.2,290,75,30
201804172220,4,17,22,20,277.68,1007,56,6.2,290,75,30
201804172221,4,17,22,21,277.68,1007,56,6.2,290,75,30
201804172222,4,17,22,22,277.68,1007,56,6.2,290,75,30
201804172223,4,17,22,23,277.68,1007,56,6.2,290,75,30
201804172224,4,17,22,24,277.68,1007,56,6.2,290,75,30
201804172225,4,17,22,25,277.68,1007,56,6.2,290,75,30
201804172226,4,17,22,26,277.68,1007,56,6.2,290,75,30
201804172227,4,17,22,27,277.68,1007,56,6.2,290,75,30
201804172228,4,17,22,28,277.68,1007,56,6.2,290,75,30
201804172229,4,17,22,29,277.68,1007,56,6.2,290,75,30
201804172230,4,17,22,30,277.68,1007,56,6.2,290,75,30
201804172231,4,17,22,31,277.68,1007,56,6.2,290,75,30
201804172232,4,17,22,32,277.68,1007,56,6.2,290,75,30
201804172233,4,17,22,33,277.68,1007,56,6.2,290,75,30
201804172234,4,17,22,34,277.68,1007,56,6.2,290,75,30
201804172235,4,17,22,35,277.68,1007,56,6.2,290,75,30
201804172236,4,17,22,36,277.68,1007,56,6.2,290,75,30
201804172237,4,17,22,37,277.68,1007,56,6.2,290,75,30
201804172238,4,17,22,38,277.68,1007,56,6.2,290,75,30
201804172239,4,17,22,39,277.68,1007,56,6.2,290,75,30
201804172240,4,17,22,40,277.68,1007,56,6.2,290,75,30
201804172241,4,17,22,41,277.68,1007,56,6.2,290,75,30
201804172242,4,17,22,42,277.68,1007,56,6.2,290,75,30
201804172243,4,17,22,43,277.68,1007,56,6.2,290,75,30
201804172244,4,17,22,44,277.68,1007,56,6.2,290,75,30
201804172245,4,17,22,45,277.68,1007,56,6.2,290,75,30
201804172246,4,17,22,46,277.3,1007,56,4.1,280,75,50
201804172247,4,17,22,47,277.3,1007,56,4.1,280,75,50
201804172248,4,17,22,48,277.3,1007,56,4.1,280,75,50
201804172249,4,17,22,49,277.3,1007,56,4.1,280,75,50
201804172250,4,17,22,50,277.3,1007,56,4.1,280,75,50
201804172251,4,17,22,51,277.3,1007,56,4.1,280,75,50
201804172252,4,17,22,52,277.3,1007,56,4.1,280,75,50
201804172253,4,17,22,53,277.3,1007,56,4.1,280,75,50
201804172254,4,17,22,54,277.3,1007,56,4.1,280,75,50
201804172255,4,17,22,55,277.3,1007,56,4.1,280,75,50
201804172256,4,17,22,56,277.3,1007,56,4.1,280,75,50
201804172257,4,17,22,57,277.29,1007,56,4.1,280,75,50
201804172258,4,17,22,58,277.29,1007,56,4.1,280,75,50
201804172259,4,17,22,59,277.29,1007,56,4.1,280,75,50
201804172300,4,17,23,0,277.29,1007,56,4.1,280,75,50
201804172301,4,17,23,1,277.29,1007,56,4.1,280,75,50
201804172302,4,17,23,2,277.29,1007,56,4.1,280,75,50
201804172303,4,17,23,3,277.29,1007,56,4.1,280,75,50
201804172304,4,17,23,4,277.29,1007,56,4.1,280,75,50
201804172305,4,17,23,5,277.29,1007,56,4.1,280,75,50
201804172306,4,17,23,6,277.29,1007,56,4.1,280,75,50
201804172307,4,17,23,7,277.29,1007,56,4.1,280,75,50
201804172338,4,17,23,38,277.4,1007,60,5.7,300,1,80
201804172339,4,17,23,39,277.4,1007,60,5.7,300,1,80
201804172340,4,17,23,40,277.4,1007,60,5.7,300,1,80
201804172341,4,17,23,41,277.4,1007,60,5.7,300,1,80
201804172342,4,17,23,42,277.4,1007,60,5.7,300,1,80
201804172343,4,17,23,43,277.4,1007,60,5.7,300,1,80
201804172344,4,17,23,44,277.4,1007,60,5.7,300,1,80
201804172345,4,17,23,45,277.4,1007,60,5.7,300,1,80
201804172346,4,17,23,46,277.4,1007,60,5.7,300,1,80
201804172347,4,17,23,47,277.4,1007,60,5.7,300,1,80
201804172348,4,17,23,48,277.4,1007,60,5.7,300,1,80
201804172349,4,17,23,49,277.4,1007,60,5.7,300,1,80
201804172350,4,17,23,50,277.4,1007,60,5.7,300,1,80
201804172351,4,17,23,51,277.4,1007,60,5.7,300,1,80
201804172352,4,17,23,52,277.4,1007,60,5.7,300,1,80
201804172353,4,17,23,53,277.4,1007,60,5.7,300,1,80
201804172354,4,17,23,54,277.4,1007,60,5.7,300,1,80
201804172355,4,17,23,55,277.4,1007,60,5.7,300,1,80
201804172356,4,17,23,56,277.4,1007,60,5.7,300,1,80
201804172357,4,17,23,57,277.4,1007,60,5.7,300,1,80
201804172358,4,17,23,58,277.4,1007,60,5.7,300,1,80
201804172359,4,17,23,59,277.4,1007,60,5.7,300,1,80
201804180000,4,18,0,0,277.4,1007,60,5.7,300,1,80
201804180001,4,18,0,1,277.4,1007,60,5.7,300,1,80
201804180002,4,18,0,2,277.4,1007,60,5.7,300,1,80
201804180003,4,18,0,3,277.4,1007,60,5.7,300,1,80
201804180004,4,18,0,4,277.4,1007,60,5.7,300,1,80
201804180005,4,18,0,5,277.4,1007,60,5.7,300,1,80
201804180006,4,18,0,6,277.4,1007,60,5.7,300,1,80
201804180007,4,18,0,7,277.4,1007,60,5.7,300,1,80
201804180008,4,18,0,8,277.4,1007,60,5.7,300,1,80
201804180009,4,18,0,9,276.69,1008,60,7.2,280,90,80
201804180010,4,18,0,10,276.69,1008,60,7.2,280,90,80
201804180011,4,18,0,11,276.69,1008,60,7.2,280,90,80
201804180012,4,18,0,12,276.69,1008,60,7.2,280,90,80
201804180013,4,18,0,13,276.69,1008,60,7.2,280,90,80
201804180014,4,18,0,14,276.69,1008,60,7.2,280,90,80
201804180015,4,18,0,15,276.69,1008,60,7.2,280,90,80
201804180016,4,18,0,16,276.69,1008,60,7.2,280,90,80
201804180017,4,18,0,17,276.69,1008,60,7.2,280,90,80
201804180018,4,18,0,18,276.69,1008,60,7.2,280,90,80
201804180019,4,18,0,19,276.69,1008,60,7.2,280,90,80
201804180020,4,18,0,20,276.69,1008,60,7.2,280,90,80
201804180021,4,18,0,21,276.69,1008,60,7.2,280,90,80
201804180022,4,18,0,22,276.69,1008,60,7.2,280,90,80
201804180023,4,18,0,23,276.69,1008,60,7.2,280,90,80
201804180024,4,18,0,24,276.69,1008,60,7.2,280,90,80
201804180025,4,18,0,25,276.69,1008,60,7.2,280,90,80
201804180026,4,18,0,26,276.69,1008,60,7.2,280,90,80
201804180027,4,18,0,27,276.69,1008,60,7.2,280,90,80
201804180028,4,18,0,28,276.69,1008,60,7.2,280,90,80
201804180029,4,18,0,29,276.69,1008,60,7.2,280,90,80
201804180030,4,18,0,30,276.69,1008,60,7.2,280,90,80
201804180031,4,18,0,31,276.6,1008,60,5.12,274.505,1,80
201804180032,4,18,0,32,276.6,1008,60,5.12,274.505,1,80
201804180033,4,18,0,33,276.6,1008,60,5.12,274.505,1,80
201804180034,4,18,0,34,276.6,1008,60,5.12,274.505,1,80
201804180035,4,18,0,35,276.6,1008,60,5.12,274.505,1,80
201804180036,4,18,0,36,276.6,1008,60,4.82,280.502,1,80
201804180037,4,18,0,37,276.6,1008,60,5.12,274.505,1,80
201804180038,4,18,0,38,276.6,1008,60,4.82,280.502,1,80
201804180039,4,18,0,39,276.6,1008,60,5.12,274.505,1,80
201804180040,4,18,0,40,276.6,1008,60,5.12,274.505,1,80
201804180041,4,18,0,41,276.6,1008,60,5.12,274.505,1,80
201804180042,4,18,0,42,276.6,1008,60,4.82,280.502,1,80
201804180043,4,18,0,43,276.6,1008,60,4.82,280.502,1,80
201804180044,4,18,0,44,276.6,1008,60,4.82,280.502,1,80
201804180045,4,18,0,45,276.6,1008,60,4.82,280.502,1,80
201804180046,4,18,0,46,276.6,1008,60,4.82,280.502,1,80
201804180047,4,18,0,47,276.6,1008,60,4.82,280.502,1,80
201804180048,4,18,0,48,276.6,1008,60,4.82,280.502,1,80
201804180049,4,18,0,49,276.6,1008,60,4.82,280.502,1,80
201804180050,4,18,0,50,276.6,1008,60,4.82,280.502,1,80
201804180051,4,18,0,51,276.6,1008,60,4.82,280.502,1,80
201804180052,4,18,0,52,276.6,1008,60,4.82,280.502,1,80
201804180053,4,18,0,53,276.6,1008,60,4.82,280.502,1,80
201804180054,4,18,0,54,276.6,1008,60,4.82,280.502,1,80
201804180055,4,18,0,55,276.6,1008,60,4.82,280.502,1,80
201804180056,4,18,0,56,276.6,1008,60,4.82,280.502,1,80
201804180057,4,18,0,57,276.6,1008,60,4.82,280.502,1,80
201804180058,4,18,0,58,276.6,1008,60,4.82,280.502,1,80
201804180059,4,18,0,59,276.6,1008,60,4.82,280.502,1,80
201804180100,4,18,1,0,276.6,1008,60,4.82,280.502,1,80
201804180101,4,18,1,1,276.6,1008,60,4.82,280.502,1,80
201804180102,4,18,1,2,276.6,1008,60,4.82,280.502,1,80
201804180103,4,18,1,3,276.6,1008,60,4.82,280.502,1,80
201804180104,4,18,1,4,276.6,1008,60,4.82,280.502,1,80
201804180105,4,18,1,5,276.6,1008,60,4.82,280.502,1,80
201804180106,4,18,1,6,276.6,1008,60,4.82,280.502,1,80
201804180107,4,18,1,7,276.6,1008,60,4.82,280.502,1,80
201804180108,4,18,1,8,276.6,1008,60,4.82,280.502,1,80
201804180109,4,18,1,9,276.6,1008,60,4.82,280.502,1,80
201804180110,4,18,1,10,276.6,1008,60,4.82,280.502,1,80
201804180111,4,18,1,11,276.6,1008,60,4.82,280.502,1,80
201804180112,4,18,1,12,276.6,1008,60,4.82,280.502,1,80
201804180113,4,18,1,13,276.6,1008,60,4.82,280.502,1,80
201804180114,4,18,1,14,276.6,1008,60,4.82,280.502,1,80
201804180115,4,18,1,15,276.6,1008,60,4.82,280.502,1,80
201804181307,4,18,13,7,282.15,1010,42,3.6,270,90,80
201804181308,4,18,13,8,282.15,1010,42,3.6,270,90,80
201804181309,4,18,13,9,282.15,1010,42,3.6,270,90,80
201804181310,4,18,13,10,282.15,1010,42,3.6,270,90,80
201804181311,4,18,13,11,282.15,1010,42,3.6,270,90,80
201804181312,4,18,13,12,282.15,1010,42,3.6,270,90,80
201804181313,4,18,13,13,282.15,1010,42,3.6,270,90,80
201804181314,4,18,13,14,282.15,1010,42,3.6,270,90,80
201804181315,4,18,13,15,282.15,1010,42,3.6,270,90,80
201804181316,4,18,13,16,282.15,1010,42,3.6,270,90,80
201804181317,4,18,13,17,282.15,1010,42,3.6,270,90,80
201804181318,4,18,13,18,282.15,1010,42,3.6,270,90,80
201804181319,4,18,13,19,282.15,1010,42,3.6,270,90,80
201804181320,4,18,13,20,282.15,1010,42,3.6,270,90,80
201804181321,4,18,13,21,282.15,1010,42,3.6,270,90,80
201804181322,4,18,13,22,282.15,1010,42,3.6,270,90,80
201804181323,4,18,13,23,282.15,1010,42,3.6,270,90,80
201804181324,4,18,13,24,282.15,1010,42,3.6,270,90,80
201804181325,4,18,13,25,282.15,1010,42,3.6,270,90,80
201804181326,4,18,13,26,282.15,1010,42,3.6,270,90,80
201804181327,4,18,13,27,282.15,1010,42,3.6,270,90,80
201804181328,4,18,13,28,282.15,1010,42,3.6,270,90,80
201804181329,4,18,13,29,282.15,1010,42,3.6,270,90,80
201804181330,4,18,13,30,282.15,1010,42,3.6,270,90,80
201804181331,4,18,13,31,282.15,1010,42,3.6,270,90,80
201804181332,4,18,13,32,282.15,1010,42,3.6,270,90,80
201804181333,4,18,13,33,282.15,1010,42,3.6,270,90,80
201804181334,4,18,13,34,282.15,1010,42,3.6,270,90,80
201804181335,4,18,13,35,282.15,1010,42,3.6,270,90,80
201804181336,4,18,13,36,282.15,1010,42,3.6,270,90,80
201804181337,4,18,13,37,282.15,1010,42,3.6,270,90,80
201804181338,4,18,13,38,282.15,1010,42,3.6,270,90,80
201804181339,4,18,13,39,282.23,1010,43,6.2,300,1,80
201804181340,4,18,13,40,282.23,1010,43,6.2,300,1,80
201804181341,4,18,13,41,282.23,1010,43,6.2,300,1,80
201804181342,4,18,13,42,282.23,1010,43,6.2,300,1,80
201804181343,4,18,13,43,282.23,1010,43,6.2,300,1,80
201804181344,4,18,13,44,282.23,1010,43,6.2,300,1,80
201804181345,4,18,13,45,282.23,1010,43,6.2,300,1,80
201804181346,4,18,13,46,282.23,1010,43,6.2,300,1,80
201804181347,4,18,13,47,282.23,1010,43,6.2,300,1,80
201804181348,4,18,13,48,282.23,1010,43,6.2,300,1,80
201804181349,4,18,13,49,282.23,1010,43,6.2,300,1,80
201804181350,4,18,13,50,282.23,1010,43,6.2,300,1,80
201804181351,4,18,13,51,282.23,1010,43,6.2,300,1,80
201804181352,4,18,13,52,282.23,1010,43,6.2,300,1,80
201804181353,4,18,13,53,282.23,1010,43,6.2,300,1,80
201804181354,4,18,13,54,282.23,1010,43,6.2,300,1,80
201804181355,4,18,13,55,282.23,1010,43,6.2,300,1,80
201804181356,4,18,13,56,282.23,1010,43,6.2,300,1,80
201804181357,4,18,13,57,282.23,1010,43,6.2,300,1,80
201804181358,4,18,13,58,282.23,1010,43,6.2,300,1,80
201804181359,4,18,13,59,282.23,1010,43,6.2,300,1,80
201804181400,4,18,14,0,282.23,1010,43,6.2,300,1,80
201804181401,4,18,14,1,282.65,1010,43,4.1,270,20,80
201804181402,4,18,14,2,282.65,1010,43,4.1,270,20,80
201804181403,4,18,14,3,282.65,1010,43,4.1,270,20,80
201804181404,4,18,14,4,282.65,1010,43,4.1,270,20,80
201804181405,4,18,14,5,282.65,1010,43,4.1,270,20,80
201804181406,4,18,14,6,282.65,1010,43,4.1,270,20,80
201804181407,4,18,14,7,282.65,1010,43,4.1,270,20,80
201804181408,4,18,14,8,282.65,1010,43,4.1,270,20,80
201804181409,4,18,14,9,282.65,1010,43,4.1,270,20,80
201804181410,4,18,14,10,282.65,1010,43,4.1,270,20,80
201804181411,4,18,14,11,282.65,1010,43,4.1,270,20,80
201804181412,4,18,14,12,282.65,1010,43,4.1,270,20,80
201804181413,4,18,14,13,282.65,1010,43,4.1,270,20,80
201804181414,4,18,14,14,282.65,1010,43,4.1,270,20,80
201804181415,4,18,14,15,282.65,1010,43,4.1,270,20,80
201804181416,4,18,14,16,282.65,1010,43,4.1,270,20,80
201804181417,4,18,14,17,282.65,1010,43,4.1,270,20,80
201804181418,4,18,14,18,282.65,1010,43,4.1,270,20,80
201804181419,4,18,14,19,282.65,1010,43,4.1,270,20,80
201804181420,4,18,14,20,282.65,1010,43,4.1,270,20,80
201804181421,4,18,14,21,282.65,1010,43,4.1,270,20,80
201804181422,4,18,14,22,282.65,1010,43,4.1,270,20,80
201804181423,4,18,14,23,282.65,1010,43,4.1,270,20,80
201804181424,4,18,14,24,282.65,1010,43,4.1,270,20,80
201804181425,4,18,14,25,282.65,1010,43,4.1,270,20,80
201804181426,4,18,14,26,282.65,1010,43,4.1,270,20,80
201804181427,4,18,14,27,282.65,1010,43,4.1,270,20,80
201804181428,4,18,14,28,282.65,1010,43,4.1,270,20,80
201804181429,4,18,14,29,282.65,1010,43,4.1,270,20,80
201804181430,4,18,14,30,282.65,1010,43,4.1,270,20,80
201804181431,4,18,14,31,282.65,1010,43,4.1,270,20,80
201804181432,4,18,14,32,282.74,1009,40,5.7,300,1,80
201804181433,4,18,14,33,282.74,1009,40,5.7,300,1,80
201804181434,4,18,14,34,282.74,1009,40,5.7,300,1,80
201804181435,4,18,14,35,282.74,1009,40,5.7,300,1,80
201804181436,4,18,14,36,282.74,1009,40,5.7,300,1,80
201804181437,4,18,14,37,282.74,1009,40,5.7,300,1,80
201804181438,4,18,14,38,282.74,1009,40,5.7,300,1,80
201804181439,4,18,14,39,282.74,1009,40,5.7,300,1,80
201804181440,4,18,14,40,282.74,1009,40,5.7,300,1,80
201804181441,4,18,14,41,282.74,1009,40,5.7,300,1,80
201804181442,4,18,14,42,282.74,1009,40,5.7,300,1,80
201804181443,4,18,14,43,282.74,1009,40,5.7,300,1,80
201804181444,4,18,14,44,282.74,1009,40,5.7,300,1,80
201804181445,4,18,14,45,282.74,1009,40,5.7,300,1,80
201804181446,4,18,14,46,282.74,1009,40,5.7,300,1,80
201804181447,4,18,14,47,282.74,1009,40,5.7,300,1,80
201804181448,4,18,14,48,282.74,1009,40,5.7,300,1,80
201804181449,4,18,14,49,282.74,1009,40,5.7,300,1,80
201804181450,4,18,14,50,282.74,1009,40,5.7,300,1,80
201804181451,4,18,14,51,282.74,1009,40,5.7,300,1,80
201804181452,4,18,14,52,282.74,1009,40,5.7,300,1,80
201804181453,4,18,14,53,282.74,1009,40,5.7,300,1,80
201804181454,4,18,14,54,282.74,1009,40,5.7,300,1,80
201804181455,4,18,14,55,282.74,1009,40,5.7,300,1,80
201804181456,4,18,14,56,282.74,1009,40,5.7,300,1,80
201804181457,4,18,14,57,282.74,1009,40,5.7,300,1,80
201804181458,4,18,14,58,282.74,1009,40,5.7,300,1,80
201804181459,4,18,14,59,282.74,1009,40,5.7,300,1,80
201804181500,4,18,15,0,282.74,1009,40,5.7,300,1,80
201804181501,4,18,15,1,282.74,1009,40,5.7,300,1,80
201804181502,4,18,15,2,282.74,1009,40,5.7,300,1,80
201804181503,4,18,15,3,282.74,1009,40,5.7,300,1,80
201804181504,4,18,15,4,282.74,1009,40,5.7,300,1,80
201804181505,4,18,15,5,282.74,1009,40,5.7,300,1,80
201804181506,4,18,15,6,282.74,1009,40,5.7,300,1,80
201804181507,4,18,15,7,282.74,1009,40,5.7,300,1,80
201804181508,4,18,15,8,282.74,1009,40,5.7,300,1,80
201804181509,4,18,15,9,282.74,1009,40,5.7,300,1,80
201804181510,4,18,15,10,282.74,1009,40,5.7,300,1,80
201804181511,4,18,15,11,282.74,1009,40,5.7,300,1,80
201804181512,4,18,15,12,282.74,1009,40,5.7,300,1,80
201804181513,4,18,15,13,282.74,1009,40,5.7,300,1,80
201804181514,4,18,15,14,282.74,1009,40,5.7,300,1,80
201804181515,4,18,15,15,282.74,1009,40,5.7,300,1,80
201804181516,4,18,15,16,282.74,1009,40,5.7,300,1,80
201804181517,4,18,15,17,282.74,1009,40,5.7,300,1,80
201804181518,4,18,15,18,282.74,1009,40,5.7,300,1,80
201804181519,4,18,15,19,282.74,1009,40,5.7,300,1,80
201804181520,4,18,15,20,282.74,1009,40,5.7,300,1,80
201804181521,4,18,15,21,282.74,1009,40,5.7,300,1,80
201804181522,4,18,15,22,282.74,1009,40,5.7,300,1,80
201804181523,4,18,15,23,282.74,1009,40,5.7,300,1,80
201804181524,4,18,15,24,282.74,1009,40,5.7,300,1,80
201804181525,4,18,15,25,282.74,1009,40,5.7,300,1,80
201804181526,4,18,15,26,282.74,1009,40,5.7,300,1,80
201804181527,4,18,15,27,282.74,1009,40,5.7,300,1,80
201804181528,4,18,15,28,282.74,1009,40,5.7,300,1,80
201804181529,4,18,15,29,282.74,1009,40,5.7,300,1,80
201804181530,4,18,15,30,282.74,1009,40,5.7,300,1,80
201804181531,4,18,15,31,282.74,1009,40,5.7,300,1,80
201804181532,4,18,15,32,282.74,1009,40,5.7,300,1,80
201804181533,4,18,15,33,282.74,1009,40,5.7,300,1,80
201804181534,4,18,15,34,282.74,1009,40,5.7,300,1,80
201804181535,4,18,15,35,282.74,1009,40,5.7,300,1,80
201804181536,4,18,15,36,282.74,1009,40,5.7,300,1,80
201804181537,4,18,15,37,282.74,1009,40,5.7,300,1,80
201804181538,4,18,15,38,282.74,1009,40,5.7,300,1,80
201804181539,4,18,15,39,282.74,1009,40,5.7,300,1,80
201804181540,4,18,15,40,282.74,1009,40,5.7,300,1,80
201804181541,4,18,15,41,282.74,1009,40,5.7,300,1,80
201804181542,4,18,15,42,282.74,1009,40,5.7,300,1,80
201804181543,4,18,15,43,282.74,1009,40,5.7,300,1,80
201804181544,4,18,15,44,282.74,1009,40,5.7,300,1,80
201804181545,4,18,15,45,282.74,1009,40,5.7,300,1,80
201804181546,4,18,15,46,282.74,1009,40,5.7,300,1,80
201804181547,4,18,15,47,282.74,1009,40,5.7,300,1,80
201804181548,4,18,15,48,282.74,1009,40,5.7,300,1,80
201804181549,4,18,15,49,282.74,1009,40,5.7,300,1,80
201804181550,4,18,15,50,282.74,1009,40,5.7,300,1,80
201804181551,4,18,15,51,282.74,1009,40,5.7,300,1,80
201804181552,4,18,15,52,283.73,1009,40,5.1,280,1,80
201804181553,4,18,15,53,283.73,1009,40,5.1,280,1,80
201804181554,4,18,15,54,283.73,1009,40,5.1,280,1,80
201804181555,4,18,15,55,283.73,1009,40,5.1,280,1,80
201804181556,4,18,15,56,283.73,1009,40,5.1,280,1,80
201804181557,4,18,15,57,283.73,1009,40,5.1,280,1,80
201804181558,4,18,15,58,283.73,1009,40,5.1,280,1,80
201804181559,4,18,15,59,283.73,1009,40,5.1,280,1,80
201804181600,4,18,16,0,283.73,1009,40,5.1,280,1,80
201804181601,4,18,16,1,283.73,1009,40,5.1,280,1,80
201804181602,4,18,16,2,284.15,1009,37,2.6,270,1,80
201804181603,4,18,16,3,284.15,1009,37,2.6,270,1,80
201804181604,4,18,16,4,284.15,1009,37,2.6,270,1,80
201804181627,4,18,16,27,284.15,1009,37,2.6,270,1,80
201804181654,4,18,16,54,284.15,1009,37,2.6,270,1,80
201804181721,4,18,17,21,284.61,1009,34,3.6,280,1,80
201804181736,4,18,17,36,284.61,1009,37,4.6,280,1,80
201804181737,4,18,17,37,284.61,1009,37,4.6,280,1,80
201804181738,4,18,17,38,284.61,1009,37,4.6,280,1,80
201804181739,4,18,17,39,284.61,1009,37,4.6,280,1,80
201804181740,4,18,17,40,284.61,1009,37,4.6,280,1,80
201804181741,4,18,17,41,284.61,1009,37,4.6,280,1,80
201804181804,4,18,18,4,284.73,1009,34,3.72,245.501,20,80
201804181831,4,18,18,31,284.73,1009,37,4.1,280,1,80
201804181855,4,18,18,55,284.73,1009,37,4.1,280,1,80
201804181856,4,18,18,56,284.73,1009,37,4.1,280,1,80
201804181857,4,18,18,57,284.73,1009,37,4.1,280,1,80
201804181858,4,18,18,58,284.73,1009,37,4.1,280,1,80
201804181859,4,18,18,59,284.73,1009,37,4.1,280,1,80
201804181900,4,18,19,0,284.73,1009,37,4.1,280,1,80
201804181901,4,18,19,1,284.73,1009,37,4.1,280,1,80
201804181902,4,18,19,2,284.73,1009,37,4.1,280,1,80
201804181903,4,18,19,3,284.73,1009,37,4.1,280,1,80
201804181904,4,18,19,4,284.73,1009,37,4.1,280,1,80
201804181905,4,18,19,5,284.73,1009,37,4.1,280,1,80
201804181906,4,18,19,6,284.73,1009,37,4.1,280,1,80
201804181907,4,18,19,7,284.73,1009,37,4.1,280,1,80
201804181908,4,18,19,8,284.73,1009,37,4.1,280,1,80
201804181909,4,18,19,9,284.73,1009,37,4.1,280,1,80
201804181910,4,18,19,10,284.73,1009,37,4.1,280,1,80
201804181911,4,18,19,11,284.73,1009,37,4.1,280,1,80
201804181912,4,18,19,12,284.73,1009,37,4.1,280,1,80
201804181913,4,18,19,13,284.73,1009,37,4.1,280,1,80
201804181914,4,18,19,14,284.73,1009,37,4.1,280,1,80
201804181915,4,18,19,15,284.73,1009,37,4.1,280,1,80
201804181916,4,18,19,16,284.73,1009,37,4.1,280,1,80
201804181917,4,18,19,17,284.73,1009,37,4.1,280,1,80
201804181918,4,18,19,18,284.73,1009,37,4.1,280,1,80
201804181919,4,18,19,19,284.73,1009,37,4.1,280,1,80
201804181920,4,18,19,20,284.73,1009,37,4.1,280,1,80
201804181921,4,18,19,21,284.73,1009,37,4.1,280,1,80
201804181922,4,18,19,22,284.73,1009,37,4.1,280,1,80
201804181923,4,18,19,23,284.73,1009,37,4.1,280,1,80
201804181924,4,18,19,24,284.73,1009,37,4.1,280,1,80
201804181925,4,18,19,25,284.73,1009,37,4.1,280,1,80
201804181926,4,18,19,26,284.73,1009,37,4.1,280,1,80
201804181927,4,18,19,27,284.73,1009,37,4.1,280,1,80
201804181928,4,18,19,28,284.73,1009,37,4.1,280,1,80
201804181929,4,18,19,29,284.73,1009,37,4.1,280,1,80
201804181930,4,18,19,30,284.73,1009,37,4.1,280,1,80
201804181931,4,18,19,31,284.73,1009,37,4.1,280,1,80
201804181932,4,18,19,32,284.73,1009,37,4.1,280,1,80
201804181933,4,18,19,33,284.73,1009,37,4.1,280,1,80
201804181934,4,18,19,34,284.73,1009,37,4.1,280,1,80
201804181935,4,18,19,35,284.73,1009,37,4.1,280,1,80
201804181936,4,18,19,36,284.73,1009,37,4.1,280,1,80
201804181937,4,18,19,37,284.73,1009,37,4.1,280,1,80
201804181938,4,18,19,38,284.73,1009,37,4.1,280,1,80
201804181939,4,18,19,39,284.73,1009,37,4.1,280,1,80
201804181940,4,18,19,40,284.73,1009,37,4.1,280,1,80
201804181941,4,18,19,41,284.73,1009,37,4.1,280,1,80
201804181942,4,18,19,42,284.73,1009,37,4.1,280,1,80
201804181943,4,18,19,43,284.73,1009,37,4.1,280,1,80
201804181944,4,18,19,44,284.73,1009,37,4.1,280,1,80
201804181945,4,18,19,45,284.73,1009,37,4.1,280,1,80
201804181946,4,18,19,46,284.73,1009,37,4.1,280,1,80
201804181947,4,18,19,47,284.73,1009,37,4.1,280,1,80
201804181948,4,18,19,48,284.73,1009,37,4.1,280,1,80
201804181949,4,18,19,49,284.73,1009,37,4.1,280,1,80
201804181950,4,18,19,50,284.73,1009,37,4.1,280,1,80
201804181951,4,18,19,51,284.73,1009,37,4.1,280,1,80
201804181952,4,18,19,52,284.73,1009,37,4.1,280,1,80
201804181953,4,18,19,53,284.73,1009,37,4.1,280,1,80
201804181954,4,18,19,54,284.07,1009,40,2.1,290,1,80
201804181955,4,18,19,55,284.07,1009,40,2.1,290,1,80
201804181956,4,18,19,56,284.07,1009,40,2.1,290,1,80
201804181957,4,18,19,57,284.07,1009,40,2.1,290,1,80
201804181958,4,18,19,58,284.07,1009,40,2.1,290,1,80
201804181959,4,18,19,59,284.07,1009,40,2.1,290,1,80
201804182000,4,18,20,0,284.07,1009,40,2.1,290,1,80
201804182001,4,18,20,1,284.07,1009,40,2.1,290,1,80
201804182002,4,18,20,2,284.07,1009,40,2.1,290,1,80
201804182003,4,18,20,3,284.07,1009,40,2.1,290,1,80
201804182004,4,18,20,4,284.07,1009,40,2.1,290,1,80
201804182005,4,18,20,5,282.68,1009,40,3.3,242.002,1,80
201804182006,4,18,20,6,282.68,1009,40,3.3,242.002,1,80
201804182007,4,18,20,7,282.68,1009,40,3.3,242.002,1,80
201804182008,4,18,20,8,282.68,1009,40,3.3,242.002,1,80
201804182009,4,18,20,9,282.68,1009,40,3.3,242.002,1,80
201804182010,4,18,20,10,282.68,1009,40,3.3,242.002,1,80
201804182011,4,18,20,11,282.68,1009,40,3.3,242.002,1,80
201804182012,4,18,20,12,282.68,1009,40,3.3,242.002,1,80
201804182013,4,18,20,13,282.68,1009,40,3.3,242.002,1,80
201804182014,4,18,20,14,282.68,1009,40,3.3,242.002,1,80
201804182015,4,18,20,15,282.68,1009,40,3.3,242.002,1,80
201804182016,4,18,20,16,282.68,1009,40,3.3,242.002,1,80
201804182017,4,18,20,17,282.68,1009,40,3.3,242.002,1,80
201804182018,4,18,20,18,282.68,1009,40,3.3,242.002,1,80
201804182019,4,18,20,19,282.68,1009,40,3.3,242.002,1,80
201804182020,4,18,20,20,282.68,1009,40,3.3,242.002,1,80
201804182021,4,18,20,21,282.68,1009,40,3.3,242.002,1,80
201804182022,4,18,20,22,282.68,1009,40,3.3,242.002,1,80
201804182023,4,18,20,23,282.68,1009,40,3.3,242.002,1,80
201804182024,4,18,20,24,282.68,1009,40,3.3,242.002,1,80
201804182025,4,18,20,25,282.68,1009,40,3.3,242.002,1,80
201804182026,4,18,20,26,282.68,1009,40,3.3,242.002,1,80
201804182027,4,18,20,27,282.68,1009,40,3.3,242.002,1,80
201804182028,4,18,20,28,282.68,1009,40,3.3,242.002,1,80
201804182029,4,18,20,29,282.68,1009,40,3.3,242.002,1,80
201804182030,4,18,20,30,282.68,1009,40,3.3,242.002,1,80
201804182031,4,18,20,31,282.68,1009,40,3.3,242.002,1,80
201804182032,4,18,20,32,282.68,1009,40,3.3,242.002,1,80
201804182033,4,18,20,33,282.68,1009,40,3.3,242.002,1,80
201804182034,4,18,20,34,282.68,1009,40,3.3,242.002,1,80
201804182035,4,18,20,35,282.68,1009,40,3.3,242.002,1,80
201804182036,4,18,20,36,282.68,1009,40,3.3,242.002,1,80
201804182037,4,18,20,37,282.68,1009,40,3.3,242.002,1,80
201804182038,4,18,20,38,282.68,1009,40,3.3,242.002,1,80
201804182039,4,18,20,39,282.68,1009,40,3.3,242.002,1,80
201804182040,4,18,20,40,282.68,1009,40,3.3,242.002,1,80
201804182041,4,18,20,41,282.68,1009,40,3.3,242.002,1,80
201804182042,4,18,20,42,282.68,1009,40,3.3,242.002,1,80
201804182043,4,18,20,43,282.68,1009,40,3.3,242.002,1,80
201804182044,4,18,20,44,282.68,1009,40,3.3,242.002,1,80
201804182045,4,18,20,45,282.68,1009,40,3.3,242.002,1,80
201804182046,4,18,20,46,282.68,1009,40,3.3,242.002,1,80
201804182047,4,18,20,47,282.68,1009,40,3.3,242.002,1,80
201804182048,4,18,20,48,282.68,1009,40,3.3,242.002,1,80
201804182049,4,18,20,49,282.68,1009,40,3.3,242.002,1,80
201804182050,4,18,20,50,282.68,1009,40,3.3,242.002,1,80
201804182051,4,18,20,51,282.68,1009,40,3.3,242.002,1,80
201804182052,4,18,20,52,282.68,1009,40,3.3,242.002,1,80
201804182053,4,18,20,53,282.68,1009,40,3.3,242.002,1,80
201804182054,4,18,20,54,282.68,1009,40,3.3,242.002,1,80
201804182055,4,18,20,55,282.68,1009,40,3.3,242.002,1,80
201804182056,4,18,20,56,282.68,1009,40,3.3,242.002,1,80
201804182057,4,18,20,57,282.68,1009,40,3.3,242.002,1,80
201804182058,4,18,20,58,282.68,1009,40,3.3,242.002,1,80
201804182059,4,18,20,59,282.68,1009,40,3.3,242.002,1,80
201804182100,4,18,21,0,282.68,1009,40,3.3,242.002,1,80
201804182101,4,18,21,1,282.68,1009,40,3.3,242.002,1,80
201804182102,4,18,21,2,282.68,1009,40,3.3,242.002,1,80
201804182103,4,18,21,3,282.68,1009,40,3.3,242.002,1,80
201804182104,4,18,21,4,282.68,1009,40,3.3,242.002,1,80
201804182105,4,18,21,5,282.68,1009,40,3.3,242.002,1,80
201804182106,4,18,21,6,282.68,1009,40,3.3,242.002,1,80
201804182107,4,18,21,7,282.68,1009,40,3.3,242.002,1,80
201804182108,4,18,21,8,282.68,1009,40,3.3,242.002,1,80
201804182109,4,18,21,9,281.6,1009,40,3.6,250,1,80
201804182110,4,18,21,10,281.6,1009,40,3.6,250,1,80
201804182111,4,18,21,11,281.6,1009,40,3.6,250,1,80
201804182112,4,18,21,12,281.6,1009,40,3.6,250,1,80
201804182113,4,18,21,13,281.6,1009,40,3.6,250,1,80
201804182114,4,18,21,14,281.6,1009,40,3.6,250,1,80
201804182115,4,18,21,15,281.6,1009,40,3.6,250,1,80
201804182116,4,18,21,16,281.6,1009,40,3.6,250,1,80
201804182117,4,18,21,17,281.6,1009,40,3.6,250,1,80
201804182118,4,18,21,18,281.6,1009,40,3.6,250,1,80
201804182119,4,18,21,19,281.6,1009,40,3.6,250,1,80
201804182120,4,18,21,20,281.6,1009,40,3.6,250,1,80
201804182121,4,18,21,21,281.6,1009,40,3.6,250,1,80
201804182122,4,18,21,22,281.6,1009,40,3.6,250,1,80
201804182123,4,18,21,23,281.6,1009,40,3.6,250,1,80
201804182124,4,18,21,24,281.6,1009,40,3.6,250,1,80
201804182125,4,18,21,25,281.6,1009,40,3.6,250,1,80
201804182126,4,18,21,26,281.6,1009,40,3.6,250,1,80
201804182127,4,18,21,27,281.6,1009,40,3.6,250,1,80
201804182128,4,18,21,28,281.6,1009,40,3.6,250,1,80
201804182129,4,18,21,29,281.6,1009,40,3.6,250,1,80
201804182130,4,18,21,30,281.6,1009,40,3.6,250,1,80
201804182131,4,18,21,31,281.6,1009,40,3.6,250,1,80
201804182132,4,18,21,32,281.6,1009,40,3.6,250,1,80
201804182133,4,18,21,33,281.6,1009,40,3.6,250,1,80
201804182134,4,18,21,34,281.6,1009,40,3.6,250,1,80
201804182135,4,18,21,35,281.6,1009,40,3.6,250,1,80
201804182136,4,18,21,36,281.6,1009,40,3.6,250,1,80
201804182137,4,18,21,37,281.6,1009,40,3.6,250,1,80
201804182138,4,18,21,38,281.6,1009,40,3.6,250,1,80
201804182139,4,18,21,39,281.6,1009,40,3.6,250,1,80
201804182140,4,18,21,40,281.6,1009,40,3.6,250,1,80
201804182141,4,18,21,41,281.6,1009,43,1.56,220.003,1,80
201804182142,4,18,21,42,281.6,1009,43,1.56,220.003,1,80
201804182143,4,18,21,43,281.6,1009,43,1.56,220.003,1,80
201804182144,4,18,21,44,281.6,1009,43,1.56,220.003,1,80
201804182145,4,18,21,45,281.6,1009,43,1.56,220.003,1,80
201804182146,4,18,21,46,281.6,1009,43,1.56,220.003,1,80
201804182147,4,18,21,47,281.6,1009,43,1.56,220.003,1,80
201804182148,4,18,21,48,281.6,1009,43,1.56,220.003,1,80
201804182149,4,18,21,49,281.6,1009,43,1.56,220.003,1,80
201804182150,4,18,21,50,281.6,1009,43,1.56,220.003,1,80
201804182151,4,18,21,51,281.6,1009,43,1.56,220.003,1,80
201804182152,4,18,21,52,281.6,1009,43,1.56,220.003,1,80
201804182153,4,18,21,53,281.6,1009,43,1.56,220.003,1,80
201804182154,4,18,21,54,281.6,1009,43,1.56,220.003,1,80
201804182155,4,18,21,55,281.6,1009,43,1.56,220.003,1,80
201804182156,4,18,21,56,281.59,1009,43,1.56,220.003,1,80
201804182157,4,18,21,57,281.59,1009,43,1.56,220.003,1,80
201804182158,4,18,21,58,281.59,1009,43,1.56,220.003,1,80
201804182159,4,18,21,59,281.59,1009,43,1.56,220.003,1,80
201804182200,4,18,22,0,281.59,1009,43,1.56,220.003,1,80
201804182201,4,18,22,1,281.59,1009,43,1.56,220.003,1,80
201804182202,4,18,22,2,281.59,1009,43,1.56,220.003,1,80
201804182203,4,18,22,3,281.59,1009,43,1.56,220.003,1,80
201804182204,4,18,22,4,281.59,1009,43,1.56,220.003,1,80
201804182205,4,18,22,5,281.59,1009,43,1.56,220.003,1,80
201804182206,4,18,22,6,281.59,1009,43,1.56,220.003,1,80
201804182207,4,18,22,7,281.59,1009,43,1.56,220.003,1,80
201804182208,4,18,22,8,281.59,1009,43,1.56,220.003,1,80
201804182209,4,18,22,9,281.59,1009,43,1.56,220.003,1,80
201804182210,4,18,22,10,281.59,1009,43,1.56,220.003,1,80
201804182211,4,18,22,11,281.59,1009,43,1.56,220.003,1,80
201804182212,4,18,22,12,281.59,1009,43,1.56,220.003,1,80
201804182213,4,18,22,13,281.59,1009,43,1.56,220.003,1,80
201804182214,4,18,22,14,281.59,1009,43,1.56,220.003,1,80
201804182215,4,18,22,15,281.59,1009,43,1.56,220.003,1,80
201804182216,4,18,22,16,281.59,1009,43,1.56,220.003,1,80
201804182217,4,18,22,17,281.59,1009,43,1.56,220.003,1,80
201804182218,4,18,22,18,281.59,1009,43,1.56,220.003,1,80
201804182219,4,18,22,19,281.59,1009,43,1.56,220.003,1,80
201804182220,4,18,22,20,281.59,1009,43,1.56,220.003,1,80
201804182221,4,18,22,21,281.59,1009,43,1.56,220.003,1,80
201804182222,4,18,22,22,281.59,1009,43,1.56,220.003,1,80
201804182223,4,18,22,23,281.59,1009,43,1.56,220.003,1,80
201804182224,4,18,22,24,281.59,1009,43,1.56,220.003,1,80
201804182225,4,18,22,25,281.59,1009,43,1.56,220.003,1,80
201804182226,4,18,22,26,281.59,1009,43,1.56,220.003,1,80
201804182227,4,18,22,27,281.59,1009,43,1.56,220.003,1,80
201804182228,4,18,22,28,281.59,1009,43,1.56,220.003,1,80
201804182229,4,18,22,29,281.59,1009,43,1.56,220.003,1,80
201804182230,4,18,22,30,281.59,1009,43,1.56,220.003,1,80
201804182231,4,18,22,31,281.59,1009,43,1.56,220.003,1,80
201804182232,4,18,22,32,281.59,1009,43,1.56,220.003,1,80
201804182233,4,18,22,33,281.59,1009,43,1.56,220.003,1,80
201804182234,4,18,22,34,281.59,1009,43,1.56,220.003,1,80
201804182235,4,18,22,35,281.59,1009,43,1.56,220.003,1,80
201804182236,4,18,22,36,281.59,1009,43,1.56,220.003,1,80
201804182237,4,18,22,37,281.59,1009,43,1.56,220.003,1,80
201804182238,4,18,22,38,281.59,1009,43,1.56,220.003,1,80
201804182239,4,18,22,39,281.59,1009,43,1.56,220.003,1,80
201804182240,4,18,22,40,281.59,1009,43,1.56,220.003,1,80
201804182241,4,18,22,41,281.59,1009,43,1.56,220.003,1,80
201804182242,4,18,22,42,281.59,1009,43,1.56,220.003,1,80
201804182243,4,18,22,43,281.59,1009,43,1.56,220.003,1,80
201804182244,4,18,22,44,281.59,1009,43,1.56,220.003,1,80
201804182245,4,18,22,45,281.59,1009,43,1.56,220.003,1,80
201804182246,4,18,22,46,281.59,1009,43,1.56,220.003,1,80
201804182247,4,18,22,47,281.59,1009,43,1.56,220.003,1,80
201804182248,4,18,22,48,281.59,1009,43,1.56,220.003,1,80
201804182249,4,18,22,49,281.59,1009,43,1.56,220.003,1,80
201804182250,4,18,22,50,281.59,1009,43,1.56,220.003,1,80
201804182251,4,18,22,51,281.59,1009,43,1.56,220.003,1,80
201804182252,4,18,22,52,281.06,1009,45,1.56,220.003,75,80
201804182253,4,18,22,53,281.59,1009,43,1.56,220.003,1,80
